"ANTIBIOTIC","level","mean_log","sd_log","SE_mean_log","SE_sd_log","species_fit","genus_fit","cutoff","HC"
"Amikacin","species",-2.24822342170885,1.24944885941815,0.174957835385475,0.123713871822789,TRUE,TRUE,0.1,0.021291303765273
"Amikacin","species",-2.24822342170885,1.24944885941815,0.174957835385475,0.123713871822789,TRUE,TRUE,0.2,0.0368910571097136
"Amikacin","species",-2.24822342170885,1.24944885941815,0.174957835385475,0.123713871822789,TRUE,TRUE,0.5,0.105586640966789
"Amikacin","genus",-1.92454891005914,1.2676664454847,0.276627497256631,0.195605179172827,TRUE,TRUE,0.1,0.0287496746634013
"Amikacin","genus",-1.92454891005914,1.2676664454847,0.276627497256631,0.195605179172827,TRUE,TRUE,0.2,0.0502148787043012
"Amikacin","genus",-1.92454891005914,1.2676664454847,0.276627497256631,0.195605179172827,TRUE,TRUE,0.5,0.145941574786548
"Amoxicillin","species",-3.47315928791224,2.64887375784835,0.374607319336333,0.264887375784835,TRUE,TRUE,0.1,0.00104073550523888
"Amoxicillin","species",-3.47315928791224,2.64887375784835,0.374607319336333,0.264887375784835,TRUE,TRUE,0.2,0.00333758533323717
"Amoxicillin","species",-3.47315928791224,2.64887375784835,0.374607319336333,0.264887375784835,TRUE,TRUE,0.5,0.0310188781299204
"Amoxicillin","genus",-3.46192366452213,2.30884527300896,0.461769054601792,0.326520029851029,TRUE,TRUE,0.1,0.00162730836523964
"Amoxicillin","genus",-3.46192366452213,2.30884527300896,0.461769054601792,0.326520029851029,TRUE,TRUE,0.2,0.00449361907728285
"Amoxicillin","genus",-3.46192366452213,2.30884527300896,0.461769054601792,0.326520029851029,TRUE,TRUE,0.5,0.0313693598156477
"Amoxicillin-clavulanic acid (fixed)","species",-3.16074091119416,1.83887325351643,0.474795032443693,0.335730787114622,TRUE,TRUE,0.1,0.00401647025501234
"Amoxicillin-clavulanic acid (fixed)","species",-3.16074091119416,1.83887325351643,0.474795032443693,0.335730787114622,TRUE,TRUE,0.2,0.00901941604339999
"Amoxicillin-clavulanic acid (fixed)","species",-3.16074091119416,1.83887325351643,0.474795032443693,0.335730787114622,TRUE,TRUE,0.5,0.0423943190159413
"Amoxicillin-clavulanic acid (fixed)","genus",-3.78977125242327,1.69045573706615,0.534569041282775,0.377997394103442,TRUE,TRUE,0.1,0.00258979269052071
"Amoxicillin-clavulanic acid (fixed)","genus",-3.78977125242327,1.69045573706615,0.534569041282775,0.377997394103442,TRUE,TRUE,0.2,0.0054480654580132
"Amoxicillin-clavulanic acid (fixed)","genus",-3.78977125242327,1.69045573706615,0.534569041282775,0.377997394103442,TRUE,TRUE,0.5,0.0226007711314978
"Amphotericin B","species",-4.25666056973312,0.923949379857399,0.211968525039236,0.149884381453354,TRUE,TRUE,0.1,0.00433623272314383
"Amphotericin B","species",-4.25666056973312,0.923949379857399,0.211968525039236,0.149884381453354,TRUE,TRUE,0.2,0.00651091039727488
"Amphotericin B","species",-4.25666056973312,0.923949379857399,0.211968525039236,0.149884381453354,TRUE,TRUE,0.5,0.0141695416865049
"Amphotericin B","genus",-4.17707576487682,0.817703023277081,0.365687909090929,0.258580400316126,TRUE,TRUE,0.1,0.0053803365311407
"Amphotericin B","genus",-4.17707576487682,0.817703023277081,0.365687909090929,0.258580400316126,TRUE,TRUE,0.2,0.00770973092094092
"Amphotericin B","genus",-4.17707576487682,0.817703023277081,0.365687909090929,0.258580400316126,TRUE,TRUE,0.5,0.0153433094736135
"Ampicillin","species",-2.77369699632438,1.88274112588948,0.203021196828827,0.143557665002272,TRUE,TRUE,0.1,0.00559139296726092
"Ampicillin","species",-2.77369699632438,1.88274112588948,0.203021196828827,0.143557665002272,TRUE,TRUE,0.2,0.0128007450183224
"Ampicillin","species",-2.77369699632438,1.88274112588948,0.203021196828827,0.143557665002272,TRUE,TRUE,0.5,0.0624307712390193
"Ampicillin","genus",-2.52411842172339,1.98204074128886,0.350378612188341,0.247755092661107,TRUE,TRUE,0.1,0.00631892717075684
"Ampicillin","genus",-2.52411842172339,1.98204074128886,0.350378612188341,0.247755092661107,TRUE,TRUE,0.2,0.0151123045610115
"Ampicillin","genus",-2.52411842172339,1.98204074128886,0.350378612188341,0.247755092661107,TRUE,TRUE,0.5,0.0801289215751494
"Ampicillin-sulbactam (fixed)","species",-3.16646056651912,0.437385141972865,0.252524429457576,0.178561736484716,TRUE,TRUE,0.1,0.0240651106094116
"Ampicillin-sulbactam (fixed)","species",-3.16646056651912,0.437385141972865,0.252524429457576,0.178561736484716,TRUE,TRUE,0.2,0.0291712049165211
"Ampicillin-sulbactam (fixed)","species",-3.16646056651912,0.437385141972865,0.252524429457576,0.178561736484716,TRUE,TRUE,0.5,0.0421525302567809
"Ampicillin-sulbactam (fixed)","genus",-3.16646056651912,0.437385141972865,0.252524429457576,0.178561736484716,TRUE,TRUE,0.1,0.0240651106094116
"Ampicillin-sulbactam (fixed)","genus",-3.16646056651912,0.437385141972865,0.252524429457576,0.178561736484716,TRUE,TRUE,0.2,0.0291712049165211
"Ampicillin-sulbactam (fixed)","genus",-3.16646056651912,0.437385141972865,0.252524429457576,0.178561736484716,TRUE,TRUE,0.5,0.0421525302567809
"Ampicillin-sulbactam (ratio)","species",-1.61273946773268,1.52219152077578,0.264979531852287,0.187368823848389,TRUE,TRUE,0.1,0.0283392816036521
"Ampicillin-sulbactam (ratio)","species",-1.61273946773268,1.52219152077578,0.264979531852287,0.187368823848389,TRUE,TRUE,0.2,0.0553627566916276
"Ampicillin-sulbactam (ratio)","species",-1.61273946773268,1.52219152077578,0.264979531852287,0.187368823848389,TRUE,TRUE,0.5,0.199340777768418
"Ampicillin-sulbactam (ratio)","genus",-1.48983030274472,1.44396320246534,0.372829695712306,0.263630406065889,TRUE,TRUE,0.1,0.0354247834813762
"Ampicillin-sulbactam (ratio)","genus",-1.48983030274472,1.44396320246534,0.372829695712306,0.263630406065889,TRUE,TRUE,0.2,0.0668636107750292
"Ampicillin-sulbactam (ratio)","genus",-1.48983030274472,1.44396320246534,0.372829695712306,0.263630406065889,TRUE,TRUE,0.5,0.225410903905728
"Anidulafungin","species",-6.51574712921405,2.20592245170771,0.900564069805525,0.636794960652442,TRUE,FALSE,0.1,8.75981656184315e-05
"Anidulafungin","species",-6.51574712921405,2.20592245170771,0.900564069805525,0.636794960652442,TRUE,FALSE,0.2,0.000231183612426485
"Anidulafungin","species",-6.51574712921405,2.20592245170771,0.900564069805525,0.636794960652442,TRUE,FALSE,0.5,0.00147994977260057
"Anidulafungin","genus",NA,NA,NA,NA,TRUE,FALSE,0.1,NA
"Anidulafungin","genus",NA,NA,NA,NA,TRUE,FALSE,0.2,NA
"Anidulafungin","genus",NA,NA,NA,NA,TRUE,FALSE,0.5,NA
"Avilamycin","species",-1.85222997781254,0.376421279084897,0.15367334368063,0.108663463404184,TRUE,TRUE,0.1,0.0968459935728003
"Avilamycin","species",-1.85222997781254,0.376421279084897,0.15367334368063,0.108663463404184,TRUE,TRUE,0.2,0.114287952171676
"Avilamycin","species",-1.85222997781254,0.376421279084897,0.15367334368063,0.108663463404184,TRUE,TRUE,0.5,0.156886921585569
"Avilamycin","genus",-1.85222997781254,0.103243834080004,0.0730044151936693,0.0516219170400018,TRUE,TRUE,0.1,0.137443511050746
"Avilamycin","genus",-1.85222997781254,0.103243834080004,0.0730044151936693,0.0516219170400018,TRUE,TRUE,0.2,0.143830151245463
"Avilamycin","genus",-1.85222997781254,0.103243834080004,0.0730044151936693,0.0516219170400018,TRUE,TRUE,0.5,0.156886921585569
"Azithromycin","species",-3.0151266393459,1.55422434296349,0.36633419079823,0.259037390493915,TRUE,TRUE,0.1,0.00669131220869588
"Azithromycin","species",-3.0151266393459,1.55422434296349,0.36633419079823,0.259037390493915,TRUE,TRUE,0.2,0.0132574602386046
"Azithromycin","species",-3.0151266393459,1.55422434296349,0.36633419079823,0.259037390493915,TRUE,TRUE,0.5,0.049039624747762
"Azithromycin","genus",-3.27446546208214,1.48003219564831,0.493344065216102,0.348846933972444,TRUE,TRUE,0.1,0.0056777341705512
"Azithromycin","genus",-3.27446546208214,1.48003219564831,0.493344065216102,0.348846933972444,TRUE,TRUE,0.2,0.0108880220952768
"Azithromycin","genus",-3.27446546208214,1.48003219564831,0.493344065216102,0.348846933972444,TRUE,TRUE,0.5,0.0378370891835476
"Aztreonam","species",-3.92524085994312,1.99111650918976,0.552236359177426,0.390490074392128,TRUE,TRUE,0.1,0.00153848157461158
"Aztreonam","species",-3.92524085994312,1.99111650918976,0.552236359177426,0.390490074392128,TRUE,TRUE,0.2,0.00369414260818304
"Aztreonam","species",-3.92524085994312,1.99111650918976,0.552236359177426,0.390490074392128,TRUE,TRUE,0.5,0.0197373823541381
"Aztreonam","genus",-3.88929330387648,2.02655344030513,0.611028852645094,0.432062645205982,TRUE,TRUE,0.1,0.00152398595451246
"Aztreonam","genus",-3.88929330387648,2.02655344030513,0.611028852645094,0.432062645205982,TRUE,TRUE,0.2,0.0037168315399345
"Aztreonam","genus",-3.88929330387648,2.02655344030513,0.611028852645094,0.432062645205982,TRUE,TRUE,0.5,0.0204597997913308
"Bacitracin","species",-0.799957552786556,0.0770029810247015,0.0544493300541455,0.0385014905123508,TRUE,FALSE,0.1,0.407122627166537
"Bacitracin","species",-0.799957552786556,0.0770029810247015,0.0544493300541455,0.0385014905123508,TRUE,FALSE,0.2,0.421150554888825
"Bacitracin","species",-0.799957552786556,0.0770029810247015,0.0544493300541455,0.0385014905123508,TRUE,FALSE,0.5,0.449348037284467
"Bacitracin","genus",NA,NA,NA,NA,TRUE,FALSE,0.1,NA
"Bacitracin","genus",NA,NA,NA,NA,TRUE,FALSE,0.2,NA
"Bacitracin","genus",NA,NA,NA,NA,TRUE,FALSE,0.5,NA
"Bedaquiline","species",-5.78931095391387,0.958568084025541,0.47928404201277,0.338904996221728,TRUE,FALSE,0.1,0.000895825084106705
"Bedaquiline","species",-5.78931095391387,0.958568084025541,0.47928404201277,0.338904996221728,TRUE,FALSE,0.2,0.00136573544587168
"Bedaquiline","species",-5.78931095391387,0.958568084025541,0.47928404201277,0.338904996221728,TRUE,FALSE,0.5,0.00306008999318148
"Bedaquiline","genus",NA,NA,NA,NA,TRUE,FALSE,0.1,NA
"Bedaquiline","genus",NA,NA,NA,NA,TRUE,FALSE,0.2,NA
"Bedaquiline","genus",NA,NA,NA,NA,TRUE,FALSE,0.5,NA
"Benzylpenicillin","species",-4.8811279273356,2.14445138548984,0.256310964726424,0.18123922125052,TRUE,TRUE,0.1,0.000485975203172435
"Benzylpenicillin","species",-4.8811279273356,2.14445138548984,0.256310964726424,0.18123922125052,TRUE,TRUE,0.2,0.00124833608335522
"Benzylpenicillin","species",-4.8811279273356,2.14445138548984,0.256310964726424,0.18123922125052,TRUE,TRUE,0.5,0.00758844997850737
"Benzylpenicillin","genus",-5.02246609757892,1.72290041702118,0.430725104255294,0.304568642046201,TRUE,TRUE,0.1,0.000724193580967962
"Benzylpenicillin","genus",-5.02246609757892,1.72290041702118,0.430725104255294,0.304568642046201,TRUE,TRUE,0.2,0.00154536419440738
"Benzylpenicillin","genus",-5.02246609757892,1.72290041702118,0.430725104255294,0.304568642046201,TRUE,TRUE,0.5,0.00658825936865612
"Cefaclor","species",-3.81651671422736,1.13959516933327,0.34360087178,0.242962506457247,TRUE,TRUE,0.1,0.00510790117769749
"Cefaclor","species",-3.81651671422736,1.13959516933327,0.34360087178,0.242962506457247,TRUE,TRUE,0.2,0.0084328186247695
"Cefaclor","species",-3.81651671422736,1.13959516933327,0.34360087178,0.242962506457247,TRUE,TRUE,0.5,0.0220043148738062
"Cefaclor","genus",-3.47411414974892,1.0472159008439,0.395810406089348,0.279880222209979,TRUE,TRUE,0.1,0.00809769903883557
"Cefaclor","genus",-3.47411414974892,1.0472159008439,0.395810406089348,0.279880222209979,TRUE,TRUE,0.2,0.012836362849328
"Cefaclor","genus",-3.47411414974892,1.0472159008439,0.395810406089348,0.279880222209979,TRUE,TRUE,0.5,0.0309892735233811
"Cefadroxil","species",-2.01366441456279,1.33967126608065,0.44655708869355,0.315763545602132,TRUE,TRUE,0.1,0.0239803094988889
"Cefadroxil","species",-2.01366441456279,1.33967126608065,0.44655708869355,0.315763545602132,TRUE,TRUE,0.2,0.043232610401265
"Cefadroxil","species",-2.01366441456279,1.33967126608065,0.44655708869355,0.315763545602132,TRUE,TRUE,0.5,0.133498583115821
"Cefadroxil","genus",-1.3947442821055,1.25984958513575,0.563421862757688,0.398399419824717,TRUE,TRUE,0.1,0.049325874874754
"Cefadroxil","genus",-1.3947442821055,1.25984958513575,0.563421862757688,0.398399419824717,TRUE,TRUE,0.2,0.0858580056775526
"Cefadroxil","genus",-1.3947442821055,1.25984958513575,0.563421862757688,0.398399419824717,TRUE,TRUE,0.5,0.247896419813271
"Cefalexin","species",-1.63249849208846,1.35865612640777,0.42964479163902,0.303804745669432,TRUE,TRUE,0.1,0.034263097523685
"Cefalexin","species",-1.63249849208846,1.35865612640777,0.42964479163902,0.303804745669432,TRUE,TRUE,0.2,0.0622888814385466
"Cefalexin","species",-1.63249849208846,1.35865612640777,0.42964479163902,0.303804745669432,TRUE,TRUE,0.5,0.195440656668596
"Cefalexin","genus",-1.6479606800364,1.34475891075169,0.508271093026724,0.359401936560295,TRUE,TRUE,0.1,0.0343436352916534
"Cefalexin","genus",-1.6479606800364,1.34475891075169,0.508271093026724,0.359401936560295,TRUE,TRUE,0.2,0.0620547429091034
"Cefalexin","genus",-1.6479606800364,1.34475891075169,0.508271093026724,0.359401936560295,TRUE,TRUE,0.5,0.192441959456088
"Cefaloridine","species",NA,NA,NA,NA,FALSE,FALSE,0.1,NA
"Cefaloridine","species",NA,NA,NA,NA,FALSE,FALSE,0.2,NA
"Cefaloridine","species",NA,NA,NA,NA,FALSE,FALSE,0.5,NA
"Cefaloridine","genus",NA,NA,NA,NA,FALSE,FALSE,0.1,NA
"Cefaloridine","genus",NA,NA,NA,NA,FALSE,FALSE,0.2,NA
"Cefaloridine","genus",NA,NA,NA,NA,FALSE,FALSE,0.5,NA
"Cefalothin","species",-1.57319338126993,2.28487575828314,0.466398311120708,0.329793408527406,TRUE,TRUE,0.1,0.0110936823941597
"Cefalothin","species",-1.57319338126993,2.28487575828314,0.466398311120708,0.329793408527406,TRUE,TRUE,0.2,0.0303125537976846
"Cefalothin","species",-1.57319338126993,2.28487575828314,0.466398311120708,0.329793408527406,TRUE,TRUE,0.5,0.207381874429622
"Cefalothin","genus",-1.01834991340528,1.97353013587585,0.493382533968963,0.348874135488456,TRUE,TRUE,0.1,0.0287956614096572
"Cefalothin","genus",-1.01834991340528,1.97353013587585,0.493382533968963,0.348874135488456,TRUE,TRUE,0.2,0.0686101510399289
"Cefalothin","genus",-1.01834991340528,1.97353013587585,0.493382533968963,0.348874135488456,TRUE,TRUE,0.5,0.361190444231495
"Cefazolin","species",-1.75088248430999,2.09722026141135,0.468952706830565,0.33159963905568,TRUE,TRUE,0.1,0.0118127196265234
"Cefazolin","species",-1.75088248430999,2.09722026141135,0.468952706830565,0.33159963905568,TRUE,TRUE,0.2,0.0297196276505413
"Cefazolin","species",-1.75088248430999,2.09722026141135,0.468952706830565,0.33159963905568,TRUE,TRUE,0.5,0.173620658317676
"Cefazolin","genus",-1.50129111367198,2.18928995656318,0.585112352697472,0.413736912348397,TRUE,TRUE,0.1,0.0134741925651425
"Cefazolin","genus",-1.50129111367198,2.18928995656318,0.585112352697472,0.413736912348397,TRUE,TRUE,0.2,0.0353009985621468
"Cefazolin","genus",-1.50129111367198,2.18928995656318,0.585112352697472,0.413736912348397,TRUE,TRUE,0.5,0.222842259644164
"Cefdinir","species",-4.51847842547971,1.29760488203433,0.58030654483287,0.410338693018258,TRUE,TRUE,0.1,0.00206747754202172
"Cefdinir","species",-4.51847842547971,1.29760488203433,0.58030654483287,0.410338693018258,TRUE,TRUE,0.2,0.00365898223910121
"Cefdinir","species",-4.51847842547971,1.29760488203433,0.58030654483287,0.410338693018258,TRUE,TRUE,0.5,0.010905604740989
"Cefdinir","genus",-4.46454868645125,1.41262192081271,0.706310960406356,0.499437269729717,TRUE,TRUE,0.1,0.00188298589396453
"Cefdinir","genus",-4.46454868645125,1.41262192081271,0.706310960406356,0.499437269729717,TRUE,TRUE,0.2,0.0035054327837317
"Cefdinir","genus",-4.46454868645125,1.41262192081271,0.706310960406356,0.499437269729717,TRUE,TRUE,0.5,0.0115098891568983
"Cefepime","species",-4.38746556461553,2.04642102567387,0.289407636883344,0.204642102567387,TRUE,TRUE,0.1,0.000902754752066343
"Cefepime","species",-4.38746556461553,2.04642102567387,0.289407636883344,0.204642102567387,TRUE,TRUE,0.2,0.00222104615600704
"Cefepime","species",-4.38746556461553,2.04642102567387,0.289407636883344,0.204642102567387,TRUE,TRUE,0.5,0.0124321979282317
"Cefepime","genus",-4.18215895558633,2.18458659446984,0.501178536774089,0.35438674193811,TRUE,TRUE,0.1,0.000928612217282005
"Cefepime","genus",-4.18215895558633,2.18458659446984,0.501178536774089,0.35438674193811,TRUE,TRUE,0.2,0.00242783972260396
"Cefepime","genus",-4.18215895558633,2.18458659446984,0.501178536774089,0.35438674193811,TRUE,TRUE,0.5,0.0152655143965617
"Cefepime-clavulanate","species",NA,NA,NA,NA,FALSE,FALSE,0.1,NA
"Cefepime-clavulanate","species",NA,NA,NA,NA,FALSE,FALSE,0.2,NA
"Cefepime-clavulanate","species",NA,NA,NA,NA,FALSE,FALSE,0.5,NA
"Cefepime-clavulanate","genus",NA,NA,NA,NA,FALSE,FALSE,0.1,NA
"Cefepime-clavulanate","genus",NA,NA,NA,NA,FALSE,FALSE,0.2,NA
"Cefepime-clavulanate","genus",NA,NA,NA,NA,FALSE,FALSE,0.5,NA
"Cefixime","species",-4.54785185258457,2.37263647738819,0.634113771553489,0.448386147909249,TRUE,TRUE,0.1,0.000506235873237138
"Cefixime","species",-4.54785185258457,2.37263647738819,0.634113771553489,0.448386147909249,TRUE,TRUE,0.2,0.00143769651075179
"Cefixime","species",-4.54785185258457,2.37263647738819,0.634113771553489,0.448386147909249,TRUE,TRUE,0.5,0.0105899286954853
"Cefixime","genus",-5.16561990693574,2.09282066614398,0.739923842418877,0.523205166535995,TRUE,TRUE,0.1,0.000390658216035963
"Cefixime","genus",-5.16561990693574,2.09282066614398,0.739923842418877,0.523205166535995,TRUE,TRUE,0.2,0.00098095671999619
"Cefixime","genus",-5.16561990693574,2.09282066614398,0.739923842418877,0.523205166535995,TRUE,TRUE,0.5,0.0057095223692187
"Cefoperazone","species",-3.382074199595,1.80337290846731,0.450843227116827,0.318794303146335,TRUE,TRUE,0.1,0.00336883068119785
"Cefoperazone","species",-3.382074199595,1.80337290846731,0.450843227116827,0.318794303146335,TRUE,TRUE,0.2,0.00744784067108024
"Cefoperazone","species",-3.382074199595,1.80337290846731,0.450843227116827,0.318794303146335,TRUE,TRUE,0.5,0.0339769067084148
"Cefoperazone","genus",-3.25635690713996,1.93557209539498,0.58359694500974,0.41266535729614,TRUE,TRUE,0.1,0.00322477416927319
"Cefoperazone","genus",-3.25635690713996,1.93557209539498,0.58359694500974,0.41266535729614,TRUE,TRUE,0.2,0.00755628598193246
"Cefoperazone","genus",-3.25635690713996,1.93557209539498,0.58359694500974,0.41266535729614,TRUE,TRUE,0.5,0.0385285055737367
"Cefotaxime","species",-4.87941226273635,2.13306936967065,0.341564460103542,0.241522545951537,TRUE,TRUE,0.1,0.000493962649046241
"Cefotaxime","species",-4.87941226273635,2.13306936967065,0.341564460103542,0.241522545951537,TRUE,TRUE,0.2,0.00126251598319916
"Cefotaxime","species",-4.87941226273635,2.13306936967065,0.341564460103542,0.241522545951537,TRUE,TRUE,0.5,0.00760148038820876
"Cefotaxime","genus",-4.87788146338007,2.13838463728457,0.466633784061296,0.329959913040481,TRUE,TRUE,0.1,0.000491360913067193
"Cefotaxime","genus",-4.87788146338007,2.13838463728457,0.466633784061296,0.329959913040481,TRUE,TRUE,0.2,0.00125880631051761
"Cefotaxime","genus",-4.87788146338007,2.13838463728457,0.466633784061296,0.329959913040481,TRUE,TRUE,0.5,0.00761312564049207
"Cefotaxime-clavulanate","species",-4.23066306429813,1.53590502953742,1.08604886164444,0.767952514768712,TRUE,TRUE,0.1,0.00203145181970291
"Cefotaxime-clavulanate","species",-4.23066306429813,1.53590502953742,1.08604886164444,0.767952514768712,TRUE,TRUE,0.2,0.00399259713058912
"Cefotaxime-clavulanate","species",-4.23066306429813,1.53590502953742,1.08604886164444,0.767952514768712,TRUE,TRUE,0.5,0.0145427445760944
"Cefotaxime-clavulanate","genus",-4.23066306429813,1.53590502953742,1.08604886164444,0.767952514768712,TRUE,TRUE,0.1,0.00203145181970291
"Cefotaxime-clavulanate","genus",-4.23066306429813,1.53590502953742,1.08604886164444,0.767952514768712,TRUE,TRUE,0.2,0.00399259713058912
"Cefotaxime-clavulanate","genus",-4.23066306429813,1.53590502953742,1.08604886164444,0.767952514768712,TRUE,TRUE,0.5,0.0145427445760944
"Cefoxitin","species",-1.50109758580108,1.14982264294421,0.200158430448513,0.141533383481799,TRUE,TRUE,0.1,0.0510650691414041
"Cefoxitin","species",-1.50109758580108,1.14982264294421,0.200158430448513,0.141533383481799,TRUE,TRUE,0.2,0.084685343118334
"Cefoxitin","species",-1.50109758580108,1.14982264294421,0.200158430448513,0.141533383481799,TRUE,TRUE,0.5,0.222885390005548
"Cefoxitin","genus",-1.45329924036403,1.15876999473776,0.289692498684439,0.204843530278642,TRUE,TRUE,0.1,0.0529544726481503
"Cefoxitin","genus",-1.45329924036403,1.15876999473776,0.289692498684439,0.204843530278642,TRUE,TRUE,0.2,0.0881650482579854
"Cefoxitin","genus",-1.45329924036403,1.15876999473776,0.289692498684439,0.204843530278642,TRUE,TRUE,0.5,0.233797659575551
"Cefpirome","species",-6.06443634807704,1.48326562468427,0.469049774903476,0.331668276548271,TRUE,TRUE,0.1,0.000347301342909102
"Cefpirome","species",-6.06443634807704,1.48326562468427,0.469049774903476,0.331668276548271,TRUE,TRUE,0.2,0.000666957526264493
"Cefpirome","species",-6.06443634807704,1.48326562468427,0.469049774903476,0.331668276548271,TRUE,TRUE,0.5,0.00232406761059493
"Cefpirome","genus",-5.86962808640642,1.51971615938251,0.537300800889073,0.379929039845627,TRUE,TRUE,0.1,0.000402738653186333
"Cefpirome","genus",-5.86962808640642,1.51971615938251,0.537300800889073,0.379929039845627,TRUE,TRUE,0.2,0.000785921632152397
"Cefpirome","genus",-5.86962808640642,1.51971615938251,0.537300800889073,0.379929039845627,TRUE,TRUE,0.5,0.00282392339423493
"Cefpodoxime","species",-3.898097802545,1.72854894362235,0.446309418116919,0.315588416057896,TRUE,TRUE,0.1,0.00221318548051641
"Cefpodoxime","species",-3.898097802545,1.72854894362235,0.446309418116919,0.315588416057896,TRUE,TRUE,0.2,0.00473448985763769
"Cefpodoxime","species",-3.898097802545,1.72854894362235,0.446309418116919,0.315588416057896,TRUE,TRUE,0.5,0.0202804522026846
"Cefpodoxime","genus",-3.60827278667529,1.79175949402178,0.540235814202482,0.382004407662411,TRUE,TRUE,0.1,0.00272713145493192
"Cefpodoxime","genus",-3.60827278667529,1.79175949402178,0.540235814202482,0.382004407662411,TRUE,TRUE,0.2,0.00599844132721534
"Cefpodoxime","genus",-3.60827278667529,1.79175949402178,0.540235814202482,0.382004407662411,TRUE,TRUE,0.5,0.0270986115513837
"Cefpodoxime-clavulanic acid","species",-2.54075828847671,0.592498041887474,0.342078903978059,0.241886312703748,TRUE,TRUE,0.1,0.0368803982565108
"Cefpodoxime-clavulanic acid","species",-2.54075828847671,0.592498041887474,0.342078903978059,0.241886312703748,TRUE,TRUE,0.2,0.0478627747697874
"Cefpodoxime-clavulanic acid","species",-2.54075828847671,0.592498041887474,0.342078903978059,0.241886312703748,TRUE,TRUE,0.5,0.0788066189769293
"Cefpodoxime-clavulanic acid","genus",-2.65412010856912,0.340085460277219,0.24047673514497,0.17004273013861,TRUE,TRUE,0.1,0.045503903631504
"Cefpodoxime-clavulanic acid","genus",-2.65412010856912,0.340085460277219,0.24047673514497,0.17004273013861,TRUE,TRUE,0.2,0.0528475855235266
"Cefpodoxime-clavulanic acid","genus",-2.65412010856912,0.340085460277219,0.24047673514497,0.17004273013861,TRUE,TRUE,0.5,0.0703607212319484
"Ceftaroline","species",-5.94455902897311,1.43703494096074,0.398561781866716,0.281825738679748,TRUE,TRUE,0.1,0.000415431255547224
"Ceftaroline","species",-5.94455902897311,1.43703494096074,0.398561781866716,0.281825738679748,TRUE,TRUE,0.2,0.00078173234277656
"Ceftaroline","species",-5.94455902897311,1.43703494096074,0.398561781866716,0.281825738679748,TRUE,TRUE,0.5,0.00262005746308852
"Ceftaroline","genus",-5.90501978971542,1.37482064231269,0.519633359553923,0.367436272271327,TRUE,TRUE,0.1,0.000468055660599216
"Ceftaroline","genus",-5.90501978971542,1.37482064231269,0.519633359553923,0.367436272271327,TRUE,TRUE,0.2,0.000856978236526842
"Ceftaroline","genus",-5.90501978971542,1.37482064231269,0.519633359553923,0.367436272271327,TRUE,TRUE,0.5,0.00272572783882229
"Ceftazidime","species",-4.07574958970593,1.84636582143585,0.355333268009504,0.251258563390697,TRUE,TRUE,0.1,0.00159327664738451
"Ceftazidime","species",-4.07574958970593,1.84636582143585,0.355333268009504,0.251258563390697,TRUE,TRUE,0.2,0.00358968698902566
"Ceftazidime","species",-4.07574958970593,1.84636582143585,0.355333268009504,0.251258563390697,TRUE,TRUE,0.5,0.0169794822604066
"Ceftazidime","genus",-4.25422931544896,1.76004359536403,0.414846253821954,0.293340599227339,TRUE,TRUE,0.1,0.00148875371708627
"Ceftazidime","genus",-4.25422931544896,1.76004359536403,0.414846253821954,0.293340599227339,TRUE,TRUE,0.2,0.00322920475700927
"Ceftazidime","genus",-4.25422931544896,1.76004359536403,0.414846253821954,0.293340599227339,TRUE,TRUE,0.5,0.0142040333574561
"Ceftazidime-avibactam","species",-3.5812705866352,0.909594767240885,0.371340508740967,0.26257739186,TRUE,TRUE,0.1,0.00867800873876815
"Ceftazidime-avibactam","species",-3.5812705866352,0.909594767240885,0.371340508740967,0.26257739186,TRUE,TRUE,0.2,0.0129481176489913
"Ceftazidime-avibactam","species",-3.5812705866352,0.909594767240885,0.371340508740967,0.26257739186,TRUE,TRUE,0.5,0.0278403022571999
"Ceftazidime-avibactam","genus",-3.5812705866352,0.846294230572804,0.488608201834835,0.345498172860777,TRUE,TRUE,0.1,0.00941133671624804
"Ceftazidime-avibactam","genus",-3.5812705866352,0.846294230572804,0.488608201834835,0.345498172860777,TRUE,TRUE,0.2,0.0136566351902159
"Ceftazidime-avibactam","genus",-3.5812705866352,0.846294230572804,0.488608201834835,0.345498172860777,TRUE,TRUE,0.5,0.0278403022572
"Ceftazidime-clavulanate","species",NA,NA,NA,NA,FALSE,FALSE,0.1,NA
"Ceftazidime-clavulanate","species",NA,NA,NA,NA,FALSE,FALSE,0.2,NA
"Ceftazidime-clavulanate","species",NA,NA,NA,NA,FALSE,FALSE,0.5,NA
"Ceftazidime-clavulanate","genus",NA,NA,NA,NA,FALSE,FALSE,0.1,NA
"Ceftazidime-clavulanate","genus",NA,NA,NA,NA,FALSE,FALSE,0.2,NA
"Ceftazidime-clavulanate","genus",NA,NA,NA,NA,FALSE,FALSE,0.5,NA
"Ceftibuten","species",-4.27639642435074,1.91340142806843,0.464068011301989,0.328145637723392,TRUE,TRUE,0.1,0.00119630334818557
"Ceftibuten","species",-4.27639642435074,1.91340142806843,0.464068011301989,0.328145637723392,TRUE,TRUE,0.2,0.00277596819215161
"Ceftibuten","species",-4.27639642435074,1.91340142806843,0.464068011301989,0.328145637723392,TRUE,TRUE,0.5,0.0138926351532805
"Ceftibuten","genus",-4.21401799260264,1.98014703902742,0.549193975551657,0.388338784299376,TRUE,TRUE,0.1,0.00116891591219651
"Ceftibuten","genus",-4.21401799260264,1.98014703902742,0.549193975551657,0.388338784299376,TRUE,TRUE,0.2,0.00279324357634851
"Ceftibuten","genus",-4.21401799260264,1.98014703902742,0.549193975551657,0.388338784299376,TRUE,TRUE,0.5,0.0147868354214305
"Ceftiofur","species",-4.05298361534242,1.46411780329589,0.654773387047456,0.46299470212174,TRUE,TRUE,0.1,0.00266027420132063
"Ceftiofur","species",-4.05298361534242,1.46411780329589,0.654773387047456,0.46299470212174,TRUE,TRUE,0.2,0.0050659365758718
"Ceftiofur","species",-4.05298361534242,1.46411780329589,0.654773387047456,0.46299470212174,TRUE,TRUE,0.5,0.0173704704447976
"Ceftiofur","genus",-4.2775974906448,1.54821954555843,0.774109772779215,0.54737826971496,TRUE,TRUE,0.1,0.00190795999518132
"Ceftiofur","genus",-4.2775974906448,1.54821954555843,0.774109772779215,0.54737826971496,TRUE,TRUE,0.2,0.00377025766230233
"Ceftiofur","genus",-4.2775974906448,1.54821954555843,0.774109772779215,0.54737826971496,TRUE,TRUE,0.5,0.0138759591939332
"Ceftobiprole","species",-4.95637826956875,1.610930317836,0.209725263745061,0.14829815618027,TRUE,TRUE,0.1,0.000893049506356971
"Ceftobiprole","species",-4.95637826956875,1.610930317836,0.209725263745061,0.14829815618027,TRUE,TRUE,0.2,0.00181408978873397
"Ceftobiprole","species",-4.95637826956875,1.610930317836,0.209725263745061,0.14829815618027,TRUE,TRUE,0.5,0.00703837281635156
"Ceftobiprole","genus",-4.78490442835189,1.78236057427125,0.398547940448608,0.281815951319143,TRUE,TRUE,0.1,0.000851005971246877
"Ceftobiprole","genus",-4.78490442835189,1.78236057427125,0.398547940448608,0.281815951319143,TRUE,TRUE,0.2,0.0018640999674664
"Ceftobiprole","genus",-4.78490442835189,1.78236057427125,0.398547940448608,0.281815951319143,TRUE,TRUE,0.5,0.00835492220347226
"Ceftolozane","species",-3.41425826616847,0.995780274221418,0.222663238381247,0.157446685780337,TRUE,TRUE,0.1,0.00918299352429204
"Ceftolozane","species",-3.41425826616847,0.995780274221418,0.222663238381247,0.157446685780337,TRUE,TRUE,0.2,0.0142310641300731
"Ceftolozane","species",-3.41425826616847,0.995780274221418,0.222663238381247,0.157446685780337,TRUE,TRUE,0.5,0.0329008012906508
"Ceftolozane","genus",-3.3799946937709,0.989144177996511,0.285541328716818,0.201908209844679,TRUE,TRUE,0.1,0.00958425181310737
"Ceftolozane","genus",-3.3799946937709,0.989144177996511,0.285541328716818,0.201908209844679,TRUE,TRUE,0.2,0.0148096032996865
"Ceftolozane","genus",-3.3799946937709,0.989144177996511,0.285541328716818,0.201908209844679,TRUE,TRUE,0.5,0.0340476353986739
"Ceftolozane-tazobactam","species",-4.08815713718703,0.98671845732115,0.232571770764571,0.164453076220192,TRUE,TRUE,0.1,0.00473540642924119
"Ceftolozane-tazobactam","species",-4.08815713718703,0.98671845732115,0.232571770764571,0.164453076220192,TRUE,TRUE,0.2,0.00730935428354227
"Ceftolozane-tazobactam","species",-4.08815713718703,0.98671845732115,0.232571770764571,0.164453076220192,TRUE,TRUE,0.5,0.0167701101115106
"Ceftolozane-tazobactam","genus",-3.96048476539546,0.899252278192865,0.259591772442017,0.183559102633986,TRUE,TRUE,0.1,0.00601846563332811
"Ceftolozane-tazobactam","genus",-3.96048476539546,0.899252278192865,0.259591772442017,0.183559102633986,TRUE,TRUE,0.2,0.0089391517480986
"Ceftolozane-tazobactam","genus",-3.96048476539546,0.899252278192865,0.259591772442017,0.183559102633986,TRUE,TRUE,0.5,0.0190538753930035
"Ceftriaxone","species",-3.41770739316875,2.93477967807328,0.518800652913523,0.366847459759161,TRUE,TRUE,0.1,0.000762598494940806
"Ceftriaxone","species",-3.41770739316875,2.93477967807328,0.518800652913523,0.366847459759161,TRUE,TRUE,0.2,0.0027734027416487
"Ceftriaxone","species",-3.41770739316875,2.93477967807328,0.518800652913523,0.366847459759161,TRUE,TRUE,0.5,0.0327875177255959
"Ceftriaxone","genus",-4.68888509082594,2.98935166520171,0.7250242745731,0.512669581075497,TRUE,TRUE,0.1,0.000199460687272926
"Ceftriaxone","genus",-4.68888509082594,2.98935166520171,0.7250242745731,0.512669581075497,TRUE,TRUE,0.2,0.000743020496955823
"Ceftriaxone","genus",-4.68888509082594,2.98935166520171,0.7250242745731,0.512669581075497,TRUE,TRUE,0.5,0.00919693418867062
"Cefuroxime","species",-2.74950351278229,1.76967827521631,0.290933316301853,0.205720920830131,TRUE,TRUE,0.1,0.00662147266452615
"Cefuroxime","species",-2.74950351278229,1.76967827521631,0.290933316301853,0.205720920830131,TRUE,TRUE,0.2,0.0144234153679542
"Cefuroxime","species",-2.74950351278229,1.76967827521631,0.290933316301853,0.205720920830131,TRUE,TRUE,0.5,0.0639596084530511
"Cefuroxime","genus",-2.70637148244753,1.72681108651329,0.396157632668269,0.280125748478542,TRUE,TRUE,0.1,0.00730373853551137
"Cefuroxime","genus",-2.70637148244753,1.72681108651329,0.396157632668269,0.280125748478542,TRUE,TRUE,0.2,0.0156123601798255
"Cefuroxime","genus",-2.70637148244753,1.72681108651329,0.396157632668269,0.280125748478542,TRUE,TRUE,0.5,0.0667786752327755
"Chloramphenicol","species",-2.13615522127719,0.953788393242533,0.166033247773411,0.117403235403005,TRUE,TRUE,0.1,0.0347879495372315
"Chloramphenicol","species",-2.13615522127719,0.953788393242533,0.166033247773411,0.117403235403005,TRUE,TRUE,0.2,0.0529247711843228
"Chloramphenicol","species",-2.13615522127719,0.953788393242533,0.166033247773411,0.117403235403005,TRUE,TRUE,0.5,0.118108070580389
"Chloramphenicol","genus",-2.15702619199132,1.02498336082276,0.229193247060588,0.162064099198705,TRUE,TRUE,0.1,0.03109851460885
"Chloramphenicol","genus",-2.15702619199132,1.02498336082276,0.229193247060588,0.162064099198705,TRUE,TRUE,0.2,0.0488171324705818
"Chloramphenicol","genus",-2.15702619199132,1.02498336082276,0.229193247060588,0.162064099198705,TRUE,TRUE,0.5,0.115668586253291
"Ciprofloxacin","species",-4.51654791360867,2.00301932064775,0.198328465887417,0.140239403131318,TRUE,TRUE,0.1,0.000838814930047844
"Ciprofloxacin","species",-4.51654791360867,2.00301932064775,0.198328465887417,0.140239403131318,TRUE,TRUE,0.2,0.00202470451999432
"Ciprofloxacin","species",-4.51654791360867,2.00301932064775,0.198328465887417,0.140239403131318,TRUE,TRUE,0.5,0.0109266784754047
"Ciprofloxacin","genus",-5.09077307275504,2.07673793459433,0.341413613345927,0.241415881186307,TRUE,TRUE,0.1,0.000429787428403031
"Ciprofloxacin","genus",-5.09077307275504,2.07673793459433,0.341413613345927,0.241415881186307,TRUE,TRUE,0.2,0.00107160279175507
"Ciprofloxacin","genus",-5.09077307275504,2.07673793459433,0.341413613345927,0.241415881186307,TRUE,TRUE,0.5,0.00615326112943908
"Clarithromycin","species",-4.70596787892265,1.81993748508282,0.363987497016565,0.257378027407531,TRUE,TRUE,0.1,0.000877607053193713
"Clarithromycin","species",-4.70596787892265,1.81993748508282,0.363987497016565,0.257378027407531,TRUE,TRUE,0.2,0.00195441197635971
"Clarithromycin","species",-4.70596787892265,1.81993748508282,0.363987497016565,0.257378027407531,TRUE,TRUE,0.5,0.00904115923424507
"Clarithromycin","genus",-4.84958300515499,1.59727521306933,0.426889757120841,0.301856642079225,TRUE,TRUE,0.1,0.00101124447305047
"Clarithromycin","genus",-4.84958300515499,1.59727521306933,0.426889757120841,0.301856642079225,TRUE,TRUE,0.2,0.00204188119766175
"Clarithromycin","genus",-4.84958300515499,1.59727521306933,0.426889757120841,0.301856642079225,TRUE,TRUE,0.5,0.00783164262302072
"Clavulanic acid","species",NA,NA,NA,NA,FALSE,FALSE,0.1,NA
"Clavulanic acid","species",NA,NA,NA,NA,FALSE,FALSE,0.2,NA
"Clavulanic acid","species",NA,NA,NA,NA,FALSE,FALSE,0.5,NA
"Clavulanic acid","genus",NA,NA,NA,NA,FALSE,FALSE,0.1,NA
"Clavulanic acid","genus",NA,NA,NA,NA,FALSE,FALSE,0.2,NA
"Clavulanic acid","genus",NA,NA,NA,NA,FALSE,FALSE,0.5,NA
"Clinafloxacin","species",-4.69887965233058,1.3267120177381,0.501450008619389,0.354578701520823,TRUE,TRUE,0.1,0.00166300426241027
"Clinafloxacin","species",-4.69887965233058,1.3267120177381,0.501450008619389,0.354578701520823,TRUE,TRUE,0.2,0.00298108289379229
"Clinafloxacin","species",-4.69887965233058,1.3267120177381,0.501450008619389,0.354578701520823,TRUE,TRUE,0.5,0.00910547268443163
"Clinafloxacin","genus",-4.7313599022724,0.964008891120536,0.482004445560268,0.340828612017728,TRUE,TRUE,0.1,0.00256246137990738
"Clinafloxacin","genus",-4.7313599022724,0.964008891120536,0.482004445560268,0.340828612017728,TRUE,TRUE,0.2,0.00391597767855562
"Clinafloxacin","genus",-4.7313599022724,0.964008891120536,0.482004445560268,0.340828612017728,TRUE,TRUE,0.5,0.00881447605955148
"Clindamycin","species",-4.28194327247792,1.80509329656328,0.252763619299002,0.17873086924358,TRUE,TRUE,0.1,0.00136682682382321
"Clindamycin","species",-4.28194327247792,1.80509329656328,0.252763619299002,0.17873086924358,TRUE,TRUE,0.2,0.00302408074556468
"Clindamycin","species",-4.28194327247792,1.80509329656328,0.252763619299002,0.17873086924358,TRUE,TRUE,0.5,0.0138157881423806
"Clindamycin","genus",-4.4166702564785,2.20062810776861,0.588142601069626,0.415879621521027,TRUE,TRUE,0.1,0.000719547041344045
"Clindamycin","genus",-4.4166702564785,2.20062810776861,0.588142601069626,0.415879621521027,TRUE,TRUE,0.2,0.00189456579396681
"Clindamycin","genus",-4.4166702564785,2.20062810776861,0.588142601069626,0.415879621521027,TRUE,TRUE,0.5,0.0120743699787388
"Clofazimine","species",NA,NA,NA,NA,FALSE,FALSE,0.1,NA
"Clofazimine","species",NA,NA,NA,NA,FALSE,FALSE,0.2,NA
"Clofazimine","species",NA,NA,NA,NA,FALSE,FALSE,0.5,NA
"Clofazimine","genus",NA,NA,NA,NA,FALSE,FALSE,0.1,NA
"Clofazimine","genus",NA,NA,NA,NA,FALSE,FALSE,0.2,NA
"Clofazimine","genus",NA,NA,NA,NA,FALSE,FALSE,0.5,NA
"Cloxacillin","species",NA,NA,NA,NA,FALSE,FALSE,0.1,NA
"Cloxacillin","species",NA,NA,NA,NA,FALSE,FALSE,0.2,NA
"Cloxacillin","species",NA,NA,NA,NA,FALSE,FALSE,0.5,NA
"Cloxacillin","genus",NA,NA,NA,NA,FALSE,FALSE,0.1,NA
"Cloxacillin","genus",NA,NA,NA,NA,FALSE,FALSE,0.2,NA
"Cloxacillin","genus",NA,NA,NA,NA,FALSE,FALSE,0.5,NA
"Colistin","species",-2.84565958494937,0.891672437755688,0.210169209111396,0.148612072959281,TRUE,TRUE,0.1,0.0185296376526676
"Colistin","species",-2.84565958494937,0.891672437755688,0.210169209111396,0.148612072959281,TRUE,TRUE,0.2,0.0274302175777172
"Colistin","species",-2.84565958494937,0.891672437755688,0.210169209111396,0.148612072959281,TRUE,TRUE,0.5,0.058095934895381
"Colistin","genus",-2.63048662826215,0.927049439118788,0.309016479706263,0.218507648298693,TRUE,TRUE,0.1,0.0219596568565716
"Colistin","genus",-2.63048662826215,0.927049439118788,0.309016479706263,0.218507648298693,TRUE,TRUE,0.2,0.0330177124435307
"Colistin","genus",-2.63048662826215,0.927049439118788,0.309016479706263,0.218507648298693,TRUE,TRUE,0.5,0.0720433953549089
"Cycloserine","species",NA,NA,NA,NA,FALSE,FALSE,0.1,NA
"Cycloserine","species",NA,NA,NA,NA,FALSE,FALSE,0.2,NA
"Cycloserine","species",NA,NA,NA,NA,FALSE,FALSE,0.5,NA
"Cycloserine","genus",NA,NA,NA,NA,FALSE,FALSE,0.1,NA
"Cycloserine","genus",NA,NA,NA,NA,FALSE,FALSE,0.2,NA
"Cycloserine","genus",NA,NA,NA,NA,FALSE,FALSE,0.5,NA
"Dalbavancin","species",-7.00956317428615,1.39047020046554,0.272693641740118,0.192823523260893,TRUE,TRUE,0.1,0.000152016356168432
"Dalbavancin","species",-7.00956317428615,1.39047020046554,0.272693641740118,0.192823523260893,TRUE,TRUE,0.2,0.000280254505437133
"Dalbavancin","species",-7.00956317428615,1.39047020046554,0.272693641740118,0.192823523260893,TRUE,TRUE,0.5,0.000903203044550233
"Dalbavancin","genus",-6.10996662511654,1.40481317918801,0.573512578824609,0.405534633582665,TRUE,TRUE,0.1,0.000366941855550949
"Dalbavancin","genus",-6.10996662511654,1.40481317918801,0.573512578824609,0.405534633582665,TRUE,TRUE,0.2,0.000680769197751648
"Dalbavancin","genus",-6.10996662511654,1.40481317918801,0.573512578824609,0.405534633582665,TRUE,TRUE,0.5,0.00222062492465962
"Daptomycin","species",-4.29401050914971,1.19013950422939,0.266123283416482,0.188177578335424,TRUE,TRUE,0.1,0.00296987428896439
"Daptomycin","species",-4.29401050914971,1.19013950422939,0.266123283416482,0.188177578335424,TRUE,TRUE,0.2,0.00501331860571295
"Daptomycin","species",-4.29401050914971,1.19013950422939,0.266123283416482,0.188177578335424,TRUE,TRUE,0.5,0.0136500716381379
"Daptomycin","genus",-3.54746663361555,1.13458053005608,0.507399838230626,0.358785866385833,TRUE,TRUE,0.1,0.00672791434076717
"Daptomycin","genus",-3.54746663361555,1.13458053005608,0.507399838230626,0.358785866385833,TRUE,TRUE,0.2,0.0110828800524374
"Daptomycin","genus",-3.54746663361555,1.13458053005608,0.507399838230626,0.358785866385833,TRUE,TRUE,0.5,0.0287975019452153
"Delamanid","species",-8.17899173210956,0.171907265078008,0.121556792871893,0.0859536325390038,TRUE,FALSE,0.1,0.000225024841137436
"Delamanid","species",-8.17899173210956,0.171907265078008,0.121556792871893,0.0859536325390038,TRUE,FALSE,0.2,0.000242702890240997
"Delamanid","species",-8.17899173210956,0.171907265078008,0.121556792871893,0.0859536325390038,TRUE,FALSE,0.5,0.000280484601222889
"Delamanid","genus",NA,NA,NA,NA,TRUE,FALSE,0.1,NA
"Delamanid","genus",NA,NA,NA,NA,TRUE,FALSE,0.2,NA
"Delamanid","genus",NA,NA,NA,NA,TRUE,FALSE,0.5,NA
"Doripenem","species",-5.36486886750874,1.88610070731681,0.264106925692686,0.18675179811563,TRUE,TRUE,0.1,0.000417175241204787
"Doripenem","species",-5.36486886750874,1.88610070731681,0.264106925692686,0.18675179811563,TRUE,TRUE,0.2,0.000956479433214264
"Doripenem","species",-5.36486886750874,1.88610070731681,0.264106925692686,0.18675179811563,TRUE,TRUE,0.5,0.00467807364779049
"Doripenem","genus",-5.09597807092339,1.68905769889167,0.368582607538999,0.260627261218246,TRUE,TRUE,0.1,0.00070269149072903
"Doripenem","genus",-5.09597807092339,1.68905769889167,0.368582607538999,0.260627261218246,TRUE,TRUE,0.2,0.00147732110573946
"Doripenem","genus",-5.09597807092339,1.68905769889167,0.368582607538999,0.260627261218246,TRUE,TRUE,0.5,0.00612131662419665
"Doxycycline","species",-3.4077551003865,1.42062076139931,0.236770126899884,0.167421762313308,TRUE,TRUE,0.1,0.00536234520576231
"Doxycycline","species",-3.4077551003865,1.42062076139931,0.236770126899884,0.167421762313308,TRUE,TRUE,0.2,0.0100179209183407
"Doxycycline","species",-3.4077551003865,1.42062076139931,0.236770126899884,0.167421762313308,TRUE,TRUE,0.5,0.033115457872968
"Doxycycline","genus",-3.22521604946857,1.25325367209428,0.250650734418856,0.177236834016962,TRUE,TRUE,0.1,0.00797594409926
"Doxycycline","genus",-3.22521604946857,1.25325367209428,0.250650734418856,0.177236834016962,TRUE,TRUE,0.2,0.0138429257784655
"Doxycycline","genus",-3.22521604946857,1.25325367209428,0.250650734418856,0.177236834016962,TRUE,TRUE,0.5,0.0397471932885202
"Enrofloxacin","species",-5.59821257724691,1.86616974471025,0.834576481345111,0.590134689377936,TRUE,TRUE,0.1,0.000338900048869033
"Enrofloxacin","species",-5.59821257724691,1.86616974471025,0.834576481345111,0.590134689377936,TRUE,TRUE,0.2,0.000770230559629134
"Enrofloxacin","species",-5.59821257724691,1.86616974471025,0.834576481345111,0.590134689377936,TRUE,TRUE,0.5,0.00370447927286428
"Enrofloxacin","genus",-5.59821257724691,1.86616974471025,0.834576481345111,0.590134689377936,TRUE,TRUE,0.1,0.000338900048869033
"Enrofloxacin","genus",-5.59821257724691,1.86616974471025,0.834576481345111,0.590134689377936,TRUE,TRUE,0.2,0.000770230559629134
"Enrofloxacin","genus",-5.59821257724691,1.86616974471025,0.834576481345111,0.590134689377936,TRUE,TRUE,0.5,0.00370447927286428
"Eravacycline","species",-4.91783299516525,1.52102182971587,0.253503638285978,0.179254141687477,TRUE,TRUE,0.1,0.00104149207942065
"Eravacycline","species",-4.91783299516525,1.52102182971587,0.253503638285978,0.179254141687477,TRUE,TRUE,0.2,0.0020335804648178
"Eravacycline","species",-4.91783299516525,1.52102182971587,0.253503638285978,0.179254141687477,TRUE,TRUE,0.5,0.00731496524903976
"Eravacycline","genus",-4.35045126039339,1.43938806395992,0.339267020261678,0.239898010659986,TRUE,TRUE,0.1,0.00203939662448317
"Eravacycline","genus",-4.35045126039339,1.43938806395992,0.339267020261678,0.239898010659986,TRUE,TRUE,0.2,0.0038415827670967
"Eravacycline","genus",-4.35045126039339,1.43938806395992,0.339267020261678,0.239898010659986,TRUE,TRUE,0.5,0.0129009895611052
"Ertapenem","species",-5.69262272232784,1.9929725316465,0.36386533735699,0.257291647483858,TRUE,TRUE,0.1,0.000262116947223089
"Ertapenem","species",-5.69262272232784,1.9929725316465,0.36386533735699,0.257291647483858,TRUE,TRUE,0.2,0.000629899217946432
"Ertapenem","species",-5.69262272232784,1.9929725316465,0.36386533735699,0.257291647483858,TRUE,TRUE,0.5,0.00337074084883826
"Ertapenem","genus",-5.42227296190025,2.20207666703808,0.534082040818005,0.377653032772362,TRUE,TRUE,0.1,0.000262739434040461
"Ertapenem","genus",-5.42227296190025,2.20207666703808,0.534082040818005,0.377653032772362,TRUE,TRUE,0.2,0.000692233353718552
"Ertapenem","genus",-5.42227296190025,2.20207666703808,0.534082040818005,0.377653032772362,TRUE,TRUE,0.5,0.00441709533962185
"Erythromycin","species",-4.15619774589162,1.25530980544715,0.174080148851246,0.12309325372268,TRUE,TRUE,0.1,0.00313557724611142
"Erythromycin","species",-4.15619774589162,1.25530980544715,0.174080148851246,0.12309325372268,TRUE,TRUE,0.2,0.0054469844636115
"Erythromycin","species",-4.15619774589162,1.25530980544715,0.174080148851246,0.12309325372268,TRUE,TRUE,0.5,0.0156670147846286
"Erythromycin","genus",-4.36140579271488,1.37239331022976,0.34309832755744,0.242607154029629,TRUE,TRUE,0.1,0.00219801941945522
"Erythromycin","genus",-4.36140579271488,1.37239331022976,0.34309832755744,0.242607154029629,TRUE,TRUE,0.2,0.00402012957848117
"Erythromycin","genus",-4.36140579271488,1.37239331022976,0.34309832755744,0.242607154029629,TRUE,TRUE,0.5,0.0127604365060199
"Ethambutol","species",-1.60207580536799,0.396708818490115,0.229039943145167,0.161955696960529,TRUE,FALSE,0.1,0.121179954278303
"Ethambutol","species",-1.60207580536799,0.396708818490115,0.229039943145167,0.161955696960529,TRUE,FALSE,0.2,0.14428650030553
"Ethambutol","species",-1.60207580536799,0.396708818490115,0.229039943145167,0.161955696960529,TRUE,FALSE,0.5,0.20147785480081
"Ethambutol","genus",NA,NA,NA,NA,TRUE,FALSE,0.1,NA
"Ethambutol","genus",NA,NA,NA,NA,TRUE,FALSE,0.2,NA
"Ethambutol","genus",NA,NA,NA,NA,TRUE,FALSE,0.5,NA
"Ethionamid","species",NA,NA,NA,NA,FALSE,FALSE,0.1,NA
"Ethionamid","species",NA,NA,NA,NA,FALSE,FALSE,0.2,NA
"Ethionamid","species",NA,NA,NA,NA,FALSE,FALSE,0.5,NA
"Ethionamid","genus",NA,NA,NA,NA,FALSE,FALSE,0.1,NA
"Ethionamid","genus",NA,NA,NA,NA,FALSE,FALSE,0.2,NA
"Ethionamid","genus",NA,NA,NA,NA,FALSE,FALSE,0.5,NA
"Faropenem","species",NA,NA,NA,NA,FALSE,FALSE,0.1,NA
"Faropenem","species",NA,NA,NA,NA,FALSE,FALSE,0.2,NA
"Faropenem","species",NA,NA,NA,NA,FALSE,FALSE,0.5,NA
"Faropenem","genus",NA,NA,NA,NA,FALSE,FALSE,0.1,NA
"Faropenem","genus",NA,NA,NA,NA,FALSE,FALSE,0.2,NA
"Faropenem","genus",NA,NA,NA,NA,FALSE,FALSE,0.5,NA
"Fidaxomicin","species",NA,NA,NA,NA,FALSE,FALSE,0.1,NA
"Fidaxomicin","species",NA,NA,NA,NA,FALSE,FALSE,0.2,NA
"Fidaxomicin","species",NA,NA,NA,NA,FALSE,FALSE,0.5,NA
"Fidaxomicin","genus",NA,NA,NA,NA,FALSE,FALSE,0.1,NA
"Fidaxomicin","genus",NA,NA,NA,NA,FALSE,FALSE,0.2,NA
"Fidaxomicin","genus",NA,NA,NA,NA,FALSE,FALSE,0.5,NA
"Florfenicol","species",-2.5322753387303,0.995638765147627,0.276140509198417,0.195260826614507,TRUE,TRUE,0.1,0.0221872438428943
"Florfenicol","species",-2.5322753387303,0.995638765147627,0.276140509198417,0.195260826614507,TRUE,TRUE,0.2,0.0343818639478062
"Florfenicol","species",-2.5322753387303,0.995638765147627,0.276140509198417,0.195260826614507,TRUE,TRUE,0.5,0.0794779750795171
"Florfenicol","genus",-2.65854046612855,1.01639041367513,0.321410869917416,0.227271805665673,TRUE,TRUE,0.1,0.0190422098657081
"Florfenicol","genus",-2.65854046612855,1.01639041367513,0.321410869917416,0.227271805665673,TRUE,TRUE,0.2,0.0297788693299214
"Florfenicol","genus",-2.65854046612855,1.01639041367513,0.321410869917416,0.227271805665673,TRUE,TRUE,0.5,0.0700503880830185
"Fluconazole","species",-2.97307063682485,1.61962969637126,0.572625570657613,0.404907424092815,TRUE,FALSE,0.1,0.00641760932565573
"Fluconazole","species",-2.97307063682485,1.61962969637126,0.572625570657613,0.404907424092815,TRUE,FALSE,0.2,0.0130863525771631
"Fluconazole","species",-2.97307063682485,1.61962969637126,0.572625570657613,0.404907424092815,TRUE,FALSE,0.5,0.0511460181152036
"Fluconazole","genus",NA,NA,NA,NA,TRUE,FALSE,0.1,NA
"Fluconazole","genus",NA,NA,NA,NA,TRUE,FALSE,0.2,NA
"Fluconazole","genus",NA,NA,NA,NA,TRUE,FALSE,0.5,NA
"Flumequine","species",-4.09714395351388,0.978534144490213,0.489267072245107,0.345964064595803,TRUE,TRUE,0.1,0.00474252341772107
"Flumequine","species",-4.09714395351388,0.978534144490213,0.489267072245107,0.345964064595803,TRUE,TRUE,0.2,0.00729403004625576
"Flumequine","species",-4.09714395351388,0.978534144490213,0.489267072245107,0.345964064595803,TRUE,TRUE,0.5,0.0166200753891716
"Flumequine","genus",-4.09714395351388,0.978534144490213,0.489267072245107,0.345964064595803,TRUE,TRUE,0.1,0.00474252341772107
"Flumequine","genus",-4.09714395351388,0.978534144490213,0.489267072245107,0.345964064595803,TRUE,TRUE,0.2,0.00729403004625576
"Flumequine","genus",-4.09714395351388,0.978534144490213,0.489267072245107,0.345964064595803,TRUE,TRUE,0.5,0.0166200753891716
"Fosfomycin","species",-1.06000164689507,1.49958449874813,0.363702663698673,0.257176619836942,TRUE,TRUE,0.1,0.0507016660016312
"Fosfomycin","species",-1.06000164689507,1.49958449874813,0.363702663698673,0.257176619836942,TRUE,TRUE,0.2,0.0980690160685883
"Fosfomycin","species",-1.06000164689507,1.49958449874813,0.363702663698673,0.257176619836942,TRUE,TRUE,0.5,0.346455239754161
"Fosfomycin","genus",-1.38330685716006,1.28763178127104,0.407184921643624,0.28792321929112,TRUE,TRUE,0.1,0.0481481105562017
"Fosfomycin","genus",-1.38330685716006,1.28763178127104,0.407184921643624,0.28792321929112,TRUE,TRUE,0.2,0.0848385614638467
"Fosfomycin","genus",-1.38330685716006,1.28763178127104,0.407184921643624,0.28792321929112,TRUE,TRUE,0.5,0.250747992749277
"Fusidic acid","species",-3.55534339211956,1.72474238236841,0.460956791090775,0.325945672814277,TRUE,TRUE,0.1,0.00313323365095634
"Fusidic acid","species",-3.55534339211956,1.72474238236841,0.460956791090775,0.325945672814277,TRUE,TRUE,0.2,0.0066914599258232
"Fusidic acid","species",-3.55534339211956,1.72474238236841,0.460956791090775,0.325945672814277,TRUE,TRUE,0.5,0.0285715619823072
"Fusidic acid","genus",-2.73701265506953,1.78438733982384,0.892193669911919,0.63087619412643,TRUE,TRUE,0.1,0.00657949658139364
"Fusidic acid","genus",-2.73701265506953,1.78438733982384,0.892193669911919,0.63087619412643,TRUE,TRUE,0.2,0.0144250221770699
"Fusidic acid","genus",-2.73701265506953,1.78438733982384,0.892193669911919,0.63087619412643,TRUE,TRUE,0.5,0.0647635291990425
"Gatifloxacin","species",-5.01128722993832,1.54991042521159,0.309982085042318,0.219190434379768,TRUE,TRUE,0.1,0.000914093803778033
"Gatifloxacin","species",-5.01128722993832,1.54991042521159,0.309982085042318,0.219190434379768,TRUE,TRUE,0.2,0.0018076551805341
"Gatifloxacin","species",-5.01128722993832,1.54991042521159,0.309982085042318,0.219190434379768,TRUE,TRUE,0.5,0.00666232184414622
"Gatifloxacin","genus",-5.36896353358187,1.5245466409757,0.381136660243925,0.269504317017273,TRUE,TRUE,0.1,0.000660344646170959
"Gatifloxacin","genus",-5.36896353358187,1.5245466409757,0.381136660243925,0.269504317017273,TRUE,TRUE,0.2,0.00129136644931192
"Gatifloxacin","genus",-5.36896353358187,1.5245466409757,0.381136660243925,0.269504317017273,TRUE,TRUE,0.5,0.00465895766183553
"Gemifloxacin","species",-6.31355413199745,1.63176918248397,0.395762158588776,0.27984610607515,TRUE,TRUE,0.1,0.000223801629195903
"Gemifloxacin","species",-6.31355413199745,1.63176918248397,0.395762158588776,0.27984610607515,TRUE,TRUE,0.2,0.000458804793770775
"Gemifloxacin","species",-6.31355413199745,1.63176918248397,0.395762158588776,0.27984610607515,TRUE,TRUE,0.5,0.00181158317807638
"Gemifloxacin","genus",-6.02101217400157,1.69535749209237,0.511169516980756,0.361451431792945,TRUE,TRUE,0.1,0.000276389288027188
"Gemifloxacin","genus",-6.02101217400157,1.69535749209237,0.511169516980756,0.361451431792945,TRUE,TRUE,0.2,0.000582686624841281
"Gemifloxacin","genus",-6.02101217400157,1.69535749209237,0.511169516980756,0.361451431792945,TRUE,TRUE,0.5,0.00242721159080194
"Gentamicin","species",-2.9101145050581,1.38676443779893,0.190486745240047,0.134694469285392,TRUE,TRUE,0.1,0.00921129674281093
"Gentamicin","species",-2.9101145050581,1.38676443779893,0.190486745240047,0.134694469285392,TRUE,TRUE,0.2,0.0169541116072344
"Gentamicin","species",-2.9101145050581,1.38676443779893,0.190486745240047,0.134694469285392,TRUE,TRUE,0.5,0.0544694924796891
"Gentamicin","genus",-2.86905559141241,1.12619948827572,0.225239897655144,0.159268659025717,TRUE,TRUE,0.1,0.013402174504604
"Gentamicin","genus",-2.86905559141241,1.12619948827572,0.225239897655144,0.159268659025717,TRUE,TRUE,0.2,0.0219961246374397
"Gentamicin","genus",-2.86905559141241,1.12619948827572,0.225239897655144,0.159268659025717,TRUE,TRUE,0.5,0.056752498826079
"Imipenem","species",-4.85470788322446,1.74456001624039,0.204185305653276,0.144380814246079,TRUE,TRUE,0.1,0.000833021168942774
"Imipenem","species",-4.85470788322446,1.74456001624039,0.204185305653276,0.144380814246079,TRUE,TRUE,0.2,0.00179461164154629
"Imipenem","species",-4.85470788322446,1.74456001624039,0.204185305653276,0.144380814246079,TRUE,TRUE,0.5,0.00779160908062713
"Imipenem","genus",-4.45168383420765,1.79366101424679,0.298943502374465,0.211384977720641,TRUE,TRUE,0.1,0.00117046647263296
"Imipenem","genus",-4.45168383420765,1.79366101424679,0.298943502374465,0.211384977720641,TRUE,TRUE,0.2,0.00257664521709133
"Imipenem","genus",-4.45168383420765,1.79366101424679,0.298943502374465,0.211384977720641,TRUE,TRUE,0.5,0.0116589187466523
"Isavuconazole","species",-3.90379891804664,0.851785826115731,0.380930201893118,0.269358328917384,TRUE,FALSE,0.1,0.00676896978624135
"Isavuconazole","species",-3.90379891804664,0.851785826115731,0.380930201893118,0.269358328917384,TRUE,FALSE,0.2,0.00984609887288669
"Isavuconazole","species",-3.90379891804664,0.851785826115731,0.380930201893118,0.269358328917384,TRUE,FALSE,0.5,0.0201651599617184
"Isavuconazole","genus",NA,NA,NA,NA,TRUE,FALSE,0.1,NA
"Isavuconazole","genus",NA,NA,NA,NA,TRUE,FALSE,0.2,NA
"Isavuconazole","genus",NA,NA,NA,NA,TRUE,FALSE,0.5,NA
"Itraconazole","species",-5.12817218198071,1.07647813296954,0.261084296817712,0.184614476741125,TRUE,TRUE,0.1,0.00149185581805531
"Itraconazole","species",-5.12817218198071,1.07647813296954,0.261084296817712,0.184614476741125,TRUE,TRUE,0.2,0.00239551021797027
"Itraconazole","species",-5.12817218198071,1.07647813296954,0.261084296817712,0.184614476741125,TRUE,TRUE,0.5,0.00592738475892611
"Itraconazole","genus",-4.74954964250307,0.789200266602181,0.455644986367294,0.322189659673966,TRUE,TRUE,0.1,0.00314811795377706
"Itraconazole","genus",-4.74954964250307,0.789200266602181,0.455644986367294,0.322189659673966,TRUE,TRUE,0.2,0.00445487024396696
"Itraconazole","genus",-4.74954964250307,0.789200266602181,0.455644986367294,0.322189659673966,TRUE,TRUE,0.5,0.00865559243642474
"Kanamycin","species",-1.8494065152895,1.31191021770851,0.318184964643486,0.22499074617101,TRUE,TRUE,0.1,0.0292847871220349
"Kanamycin","species",-1.8494065152895,1.31191021770851,0.318184964643486,0.22499074617101,TRUE,TRUE,0.2,0.0521548546859393
"Kanamycin","species",-1.8494065152895,1.31191021770851,0.318184964643486,0.22499074617101,TRUE,TRUE,0.5,0.157330511864596
"Kanamycin","genus",-1.67433548709528,1.35667384035804,0.391638003466619,0.276929888021607,TRUE,TRUE,0.1,0.0329427862849216
"Kanamycin","genus",-1.67433548709528,1.35667384035804,0.391638003466619,0.276929888021607,TRUE,TRUE,0.2,0.0598364065449007
"Kanamycin","genus",-1.67433548709528,1.35667384035804,0.391638003466619,0.276929888021607,TRUE,TRUE,0.5,0.187432689549074
"Levofloxacin","species",-4.29912517339527,1.68731095665285,0.221554782843212,0.156662889352748,TRUE,TRUE,0.1,0.00156244844600588
"Levofloxacin","species",-4.29912517339527,1.68731095665285,0.221554782843212,0.156662889352748,TRUE,TRUE,0.2,0.00328232947734902
"Levofloxacin","species",-4.29912517339527,1.68731095665285,0.221554782843212,0.156662889352748,TRUE,TRUE,0.5,0.0135804343422827
"Levofloxacin","genus",-4.82133107791504,1.59530805781956,0.296241269293379,0.209474210384659,TRUE,TRUE,0.1,0.00104284719711706
"Levofloxacin","genus",-4.82133107791504,1.59530805781956,0.296241269293379,0.209474210384659,TRUE,TRUE,0.2,0.00210387117737198
"Levofloxacin","genus",-4.82133107791504,1.59530805781956,0.296241269293379,0.209474210384659,TRUE,TRUE,0.5,0.00805605675996306
"Lincomycin","species",-1.46359860771574,1.19216510181731,0.688296842452704,0.486699364767596,TRUE,TRUE,0.1,0.0502160962957776
"Lincomycin","species",-1.46359860771574,1.19216510181731,0.688296842452704,0.486699364767596,TRUE,TRUE,0.2,0.0848432305952808
"Lincomycin","species",-1.46359860771574,1.19216510181731,0.688296842452704,0.486699364767596,TRUE,TRUE,0.5,0.231402049404753
"Lincomycin","genus",-1.05864560554815,1.21485900650278,0.859035041683671,0.607429503251392,TRUE,TRUE,0.1,0.0731275525591354
"Lincomycin","genus",-1.05864560554815,1.21485900650278,0.859035041683671,0.607429503251392,TRUE,TRUE,0.2,0.124793271193616
"Lincomycin","genus",-1.05864560554815,1.21485900650278,0.859035041683671,0.607429503251392,TRUE,TRUE,0.5,0.346925366067445
"Linezolid","species",-3.55525553253344,0.823263983352313,0.12857223330753,0.090914298044053,TRUE,TRUE,0.1,0.00994872596971019
"Linezolid","species",-3.55525553253344,0.823263983352313,0.12857223330753,0.090914298044053,TRUE,TRUE,0.2,0.0142909046611115
"Linezolid","species",-3.55525553253344,0.823263983352313,0.12857223330753,0.090914298044053,TRUE,TRUE,0.5,0.0285740723781975
"Linezolid","genus",-2.88539647347696,1.06803552289449,0.337742487431548,0.23882000315766,TRUE,TRUE,0.1,0.0142053152660915
"Linezolid","genus",-2.88539647347696,1.06803552289449,0.337742487431548,0.23882000315766,TRUE,TRUE,0.2,0.02272526795577
"Linezolid","genus",-2.88539647347696,1.06803552289449,0.337742487431548,0.23882000315766,TRUE,TRUE,0.5,0.0558326489832334
"Loracarbef","species",-2.64390585490197,1.56651833710918,0.452214891810235,0.319764216552558,TRUE,TRUE,0.1,0.00954746235032941
"Loracarbef","species",-2.64390585490197,1.56651833710918,0.452214891810235,0.319764216552558,TRUE,TRUE,0.2,0.0190189210577765
"Loracarbef","species",-2.64390585490197,1.56651833710918,0.452214891810235,0.319764216552558,TRUE,TRUE,0.5,0.0710830864170239
"Loracarbef","genus",-2.33140333235554,1.62668487397733,0.542228291325775,0.383413301747651,TRUE,TRUE,0.1,0.0120814521905771
"Loracarbef","genus",-2.33140333235554,1.62668487397733,0.542228291325775,0.383413301747651,TRUE,TRUE,0.2,0.0247122585071372
"Loracarbef","genus",-2.33140333235554,1.62668487397733,0.542228291325775,0.383413301747651,TRUE,TRUE,0.5,0.0971593045790723
"Mecillinam","species",-2.43295411542116,1.85425152515361,0.51427684242682,0.36364864268721,TRUE,TRUE,0.1,0.0081537848529424
"Mecillinam","species",-2.43295411542116,1.85425152515361,0.51427684242682,0.36364864268721,TRUE,TRUE,0.2,0.0184344962874786
"Mecillinam","species",-2.43295411542116,1.85425152515361,0.51427684242682,0.36364864268721,TRUE,TRUE,0.5,0.0877771453794498
"Mecillinam","genus",-2.14277704950932,1.86025136384623,0.58826313301887,0.415964850479687,TRUE,TRUE,0.1,0.0108153906710734
"Mecillinam","genus",-2.14277704950932,1.86025136384623,0.58826313301887,0.415964850479687,TRUE,TRUE,0.2,0.0245166182094619
"Mecillinam","genus",-2.14277704950932,1.86025136384623,0.58826313301887,0.415964850479687,TRUE,TRUE,0.5,0.117328562955335
"Meropenem","species",-5.84480639380954,1.45513767413863,0.175177990258421,0.12386954482636,TRUE,TRUE,0.1,0.000448482741280923
"Meropenem","species",-5.84480639380954,1.45513767413863,0.175177990258421,0.12386954482636,TRUE,TRUE,0.2,0.000850674360157326
"Meropenem","species",-5.84480639380954,1.45513767413863,0.175177990258421,0.12386954482636,TRUE,TRUE,0.5,0.00289489512805698
"Meropenem","genus",-5.67429449359796,1.71420029022773,0.323953404664094,0.22906964922645,TRUE,TRUE,0.1,0.000381602693797873
"Meropenem","genus",-5.67429449359796,1.71420029022773,0.323953404664094,0.22906964922645,TRUE,TRUE,0.2,0.000811195188524959
"Meropenem","genus",-5.67429449359796,1.71420029022773,0.323953404664094,0.22906964922645,TRUE,TRUE,0.5,0.00343309018921396
"Metronidazole","species",-4.40181469157539,0.75117853297761,0.237543509363315,0.16796862629765,TRUE,TRUE,0.1,0.00467985236019843
"Metronidazole","species",-4.40181469157539,0.75117853297761,0.237543509363315,0.16796862629765,TRUE,TRUE,0.2,0.0065125610664954
"Metronidazole","species",-4.40181469157539,0.75117853297761,0.237543509363315,0.16796862629765,TRUE,TRUE,0.5,0.0122550805208434
"Metronidazole","genus",-4.70789217149977,0.807810160446076,0.32978711702145,0.233194706793828,TRUE,TRUE,0.1,0.00320468157127335
"Metronidazole","genus",-4.70789217149977,0.807810160446076,0.32978711702145,0.233194706793828,TRUE,TRUE,0.2,0.00457219284107098
"Metronidazole","genus",-4.70789217149977,0.807810160446076,0.32978711702145,0.233194706793828,TRUE,TRUE,0.5,0.00902377812717303
"Micafungin","species",-5.77556698722607,1.93969143082405,0.791875710661321,0.559940684865536,TRUE,FALSE,0.1,0.000258301880635008
"Micafungin","species",-5.77556698722607,1.93969143082405,0.791875710661321,0.559940684865536,TRUE,FALSE,0.2,0.000606350423762676
"Micafungin","species",-5.77556698722607,1.93969143082405,0.791875710661321,0.559940684865536,TRUE,FALSE,0.5,0.00310243811709559
"Micafungin","genus",NA,NA,NA,NA,TRUE,FALSE,0.1,NA
"Micafungin","genus",NA,NA,NA,NA,TRUE,FALSE,0.2,NA
"Micafungin","genus",NA,NA,NA,NA,TRUE,FALSE,0.5,NA
"Minocycline","species",-3.89427729005318,1.28248316487771,0.223251663144556,0.157862764920691,TRUE,TRUE,0.1,0.0039349952753505
"Minocycline","species",-3.89427729005318,1.28248316487771,0.223251663144556,0.157862764920691,TRUE,TRUE,0.2,0.00691790463708645
"Minocycline","species",-3.89427729005318,1.28248316487771,0.223251663144556,0.157862764920691,TRUE,TRUE,0.5,0.0203580821222775
"Minocycline","genus",-3.36190618632657,1.37181019854353,0.354199870207773,0.250457130119311,TRUE,TRUE,0.1,0.00597631158033756
"Minocycline","genus",-3.36190618632657,1.37181019854353,0.354199870207773,0.250457130119311,TRUE,TRUE,0.2,0.010927739898129
"Minocycline","genus",-3.36190618632657,1.37181019854353,0.354199870207773,0.250457130119311,TRUE,TRUE,0.5,0.0346691101350959
"Moxifloxacin","species",-4.4701619759957,1.06626218947952,0.132253547674601,0.0935173803966885,TRUE,TRUE,0.1,0.00291865625809364
"Moxifloxacin","species",-4.4701619759957,1.06626218947952,0.132253547674601,0.0935173803966885,TRUE,TRUE,0.2,0.00466554382825149
"Moxifloxacin","species",-4.4701619759957,1.06626218947952,0.132253547674601,0.0935173803966885,TRUE,TRUE,0.5,0.0114454618102817
"Moxifloxacin","genus",-4.71241577454733,1.01648463483389,0.216715252311056,0.153240824495702,TRUE,TRUE,0.1,0.00244162067361136
"Moxifloxacin","genus",-4.71241577454733,1.01648463483389,0.216715252311056,0.153240824495702,TRUE,TRUE,0.2,0.0038184495075893
"Moxifloxacin","genus",-4.71241577454733,1.01648463483389,0.216715252311056,0.153240824495702,TRUE,TRUE,0.5,0.00898305032459344
"Mupirocin","species",-3.84910294014803,0.621689309859708,0.234976472376595,0.166153457036784,TRUE,TRUE,0.1,0.00960155851395673
"Mupirocin","species",-3.84910294014803,0.621689309859708,0.234976472376595,0.166153457036784,TRUE,TRUE,0.2,0.0126217992084083
"Mupirocin","species",-3.84910294014803,0.621689309859708,0.234976472376595,0.166153457036784,TRUE,TRUE,0.5,0.0212988342002337
"Mupirocin","genus",-3.84471143291322,0.0102468502145492,0.00724561727251056,0.00512342510727459,TRUE,TRUE,0.1,0.0211134859134455
"Mupirocin","genus",-3.84471143291322,0.0102468502145492,0.00724561727251056,0.00512342510727459,TRUE,TRUE,0.2,0.0212088782491921
"Mupirocin","genus",-3.84471143291322,0.0102468502145492,0.00724561727251056,0.00512342510727459,TRUE,TRUE,0.5,0.0213925738632711
"Nalidixic acid","species",-1.93238058606603,0.61102645912491,0.136629669865429,0.0966117660731245,TRUE,TRUE,0.1,0.0661756637069627
"Nalidixic acid","species",-1.93238058606603,0.61102645912491,0.136629669865429,0.0966117660731245,TRUE,TRUE,0.2,0.0865845896086451
"Nalidixic acid","species",-1.93238058606603,0.61102645912491,0.136629669865429,0.0966117660731245,TRUE,TRUE,0.5,0.144803071669838
"Nalidixic acid","genus",-1.91875136752018,0.664314088496632,0.17754540831153,0.125543562185617,TRUE,TRUE,0.1,0.0626554802347788
"Nalidixic acid","genus",-1.91875136752018,0.664314088496632,0.17754540831153,0.125543562185617,TRUE,TRUE,0.2,0.0839232817334015
"Nalidixic acid","genus",-1.91875136752018,0.664314088496632,0.17754540831153,0.125543562185617,TRUE,TRUE,0.5,0.146790134678832
"Narasin","species",-3.61023398730959,0.398977343225692,0.28211958493468,0.199488671612846,TRUE,FALSE,0.1,0.0162194518406985
"Narasin","species",-3.61023398730959,0.398977343225692,0.28211958493468,0.199488671612846,TRUE,FALSE,0.2,0.0193314535677957
"Narasin","species",-3.61023398730959,0.398977343225692,0.28211958493468,0.199488671612846,TRUE,FALSE,0.5,0.02704551781797
"Narasin","genus",NA,NA,NA,NA,TRUE,FALSE,0.1,NA
"Narasin","genus",NA,NA,NA,NA,TRUE,FALSE,0.2,NA
"Narasin","genus",NA,NA,NA,NA,TRUE,FALSE,0.5,NA
"Neomycin","species",-1.87497520473624,1.59285795858774,0.503705913826341,0.356173867390372,TRUE,TRUE,0.1,0.019914546881032
"Neomycin","species",-1.87497520473624,1.59285795858774,0.503705913826341,0.356173867390372,TRUE,TRUE,0.2,0.0401329219698283
"Neomycin","species",-1.87497520473624,1.59285795858774,0.503705913826341,0.356173867390372,TRUE,TRUE,0.5,0.153358769368923
"Neomycin","genus",-2.06280038712796,1.22423314765173,0.462716636492612,0.327190071431757,TRUE,TRUE,0.1,0.02647066092843
"Neomycin","genus",-2.06280038712796,1.22423314765173,0.462716636492612,0.327190071431757,TRUE,TRUE,0.2,0.0453592570331978
"Neomycin","genus",-2.06280038712796,1.22423314765173,0.462716636492612,0.327190071431757,TRUE,TRUE,0.5,0.127097548729668
"Netilmicin","species",-3.56380681135473,2.2096059236538,0.535908153777359,0.378944289629134,TRUE,TRUE,0.1,0.00166899982016952
"Netilmicin","species",-3.56380681135473,2.2096059236538,0.535908153777359,0.378944289629134,TRUE,TRUE,0.2,0.0044118636848093
"Netilmicin","species",-3.56380681135473,2.2096059236538,0.535908153777359,0.378944289629134,TRUE,TRUE,0.5,0.0283307692771728
"Netilmicin","genus",-2.57156875319664,1.52976487442026,0.509921624806753,0.360569038774517,TRUE,TRUE,0.1,0.0107586916777869
"Netilmicin","genus",-2.57156875319664,1.52976487442026,0.509921624806753,0.360569038774517,TRUE,TRUE,0.2,0.0210879950818426
"Netilmicin","genus",-2.57156875319664,1.52976487442026,0.509921624806753,0.360569038774517,TRUE,TRUE,0.5,0.0764155741696193
"Nitrofurantoin","species",-0.56689505935049,1.40180831331545,0.422661109388027,0.298866536592103,TRUE,TRUE,0.1,0.0941011795054857
"Nitrofurantoin","species",-0.56689505935049,1.40180831331545,0.422661109388027,0.298866536592103,TRUE,TRUE,0.2,0.174350663337574
"Nitrofurantoin","species",-0.56689505935049,1.40180831331545,0.422661109388027,0.298866536592103,TRUE,TRUE,0.5,0.567284090464284
"Nitrofurantoin","genus",-0.472117675030959,1.48886869010913,0.607828097462224,0.429799369511256,TRUE,TRUE,0.1,0.0925339499115392
"Nitrofurantoin","genus",-0.472117675030959,1.48886869010913,0.607828097462224,0.429799369511256,TRUE,TRUE,0.2,0.178140773547858
"Nitrofurantoin","genus",-0.472117675030959,1.48886869010913,0.607828097462224,0.429799369511256,TRUE,TRUE,0.5,0.623680117022326
"Norfloxacin","species",-3.3203744391493,2.05139774262503,0.483519084906979,0.341899623770839,TRUE,TRUE,0.1,0.00260754418009231
"Norfloxacin","species",-3.3203744391493,2.05139774262503,0.483519084906979,0.341899623770839,TRUE,TRUE,0.2,0.00642939819872427
"Norfloxacin","species",-3.3203744391493,2.05139774262503,0.483519084906979,0.341899623770839,TRUE,TRUE,0.5,0.0361392972525613
"Norfloxacin","genus",-3.61381856589546,2.11403523649549,0.586327880255548,0.414596420127432,TRUE,TRUE,0.1,0.00179443739912303
"Norfloxacin","genus",-3.61381856589546,2.11403523649549,0.586327880255548,0.414596420127432,TRUE,TRUE,0.2,0.0045481464190427
"Norfloxacin","genus",-3.61381856589546,2.11403523649549,0.586327880255548,0.414596420127432,TRUE,TRUE,0.5,0.02694874458321
"Norvancomycin","species",-3.21534703266445,0.232830198806953,0.116415099403477,0.0823179062207043,TRUE,FALSE,0.1,0.0297855787117881
"Norvancomycin","species",-3.21534703266445,0.232830198806953,0.116415099403477,0.0823179062207043,TRUE,FALSE,0.2,0.0329982129570916
"Norvancomycin","species",-3.21534703266445,0.232830198806953,0.116415099403477,0.0823179062207043,TRUE,FALSE,0.5,0.0401414010288428
"Norvancomycin","genus",NA,NA,NA,NA,TRUE,FALSE,0.1,NA
"Norvancomycin","genus",NA,NA,NA,NA,TRUE,FALSE,0.2,NA
"Norvancomycin","genus",NA,NA,NA,NA,TRUE,FALSE,0.5,NA
"Ofloxacin","species",-4.20687492470845,1.64866723801005,0.29144594597925,0.206083404751256,TRUE,TRUE,0.1,0.0018004349495297
"Ofloxacin","species",-4.20687492470845,1.64866723801005,0.29144594597925,0.206083404751256,TRUE,TRUE,0.2,0.00371852468537097
"Ofloxacin","species",-4.20687492470845,1.64866723801005,0.29144594597925,0.206083404751256,TRUE,TRUE,0.5,0.0148928369280525
"Ofloxacin","genus",-4.69983245726646,1.65823902860649,0.353537748787735,0.249988939573233,TRUE,TRUE,0.1,0.00108632886565608
"Ofloxacin","genus",-4.69983245726646,1.65823902860649,0.353537748787735,0.249988939573233,TRUE,TRUE,0.2,0.00225311486864335
"Ofloxacin","genus",-4.69983245726646,1.65823902860649,0.353537748787735,0.249988939573233,TRUE,TRUE,0.5,0.0090968010769457
"Oritavancin (with P80)","species",-7.01242793226238,0.581682334061839,0.175383822660117,0.124015090313388,TRUE,TRUE,0.1,0.000427359987381621
"Oritavancin (with P80)","species",-7.01242793226238,0.581682334061839,0.175383822660117,0.124015090313388,TRUE,TRUE,0.2,0.00055198806361708
"Oritavancin (with P80)","species",-7.01242793226238,0.581682334061839,0.175383822660117,0.124015090313388,TRUE,TRUE,0.5,0.000900619289108244
"Oritavancin (with P80)","genus",-7.08874592191575,0.411846559176835,0.237779721805567,0.168135653717367,TRUE,TRUE,0.1,0.000492237849378141
"Oritavancin (with P80)","genus",-7.08874592191575,0.411846559176835,0.237779721805567,0.168135653717367,TRUE,TRUE,0.2,0.000590013741243255
"Oritavancin (with P80)","genus",-7.08874592191575,0.411846559176835,0.237779721805567,0.168135653717367,TRUE,TRUE,0.5,0.000834443166599367
"Oxacillin","species",-4.02314080859115,1.48993634155659,0.255521974529362,0.180681320931888,TRUE,TRUE,0.1,0.00265165565215862
"Oxacillin","species",-4.02314080859115,1.48993634155659,0.255521974529362,0.180681320931888,TRUE,TRUE,0.2,0.00510720561706362
"Oxacillin","species",-4.02314080859115,1.48993634155659,0.255521974529362,0.180681320931888,TRUE,TRUE,0.5,0.0178966665704653
"Oxacillin","genus",-2.39671881037849,1.79695261079687,0.803621638017505,0.568246309750419,TRUE,TRUE,0.1,0.00909885914541206
"Oxacillin","genus",-2.39671881037849,1.79695261079687,0.803621638017505,0.568246309750419,TRUE,TRUE,0.2,0.0200591015948831
"Oxacillin","genus",-2.39671881037849,1.79695261079687,0.803621638017505,0.568246309750419,TRUE,TRUE,0.5,0.0910161049748418
"Oxytetracycline","species",-2.5946410138416,1.17822424509361,0.833130353464092,0.589112122546805,TRUE,TRUE,0.1,0.0164966798472204
"Oxytetracycline","species",-2.5946410138416,1.17822424509361,0.833130353464092,0.589112122546805,TRUE,TRUE,0.2,0.0277017537249524
"Oxytetracycline","species",-2.5946410138416,1.17822424509361,0.833130353464092,0.589112122546805,TRUE,TRUE,0.5,0.07467267772115
"Oxytetracycline","genus",-2.5946410138416,1.17822424509361,0.833130353464092,0.589112122546805,TRUE,TRUE,0.1,0.0164966798472204
"Oxytetracycline","genus",-2.5946410138416,1.17822424509361,0.833130353464092,0.589112122546805,TRUE,TRUE,0.2,0.0277017537249524
"Oxytetracycline","genus",-2.5946410138416,1.17822424509361,0.833130353464092,0.589112122546805,TRUE,TRUE,0.5,0.07467267772115
"Paraaminosalicylic acid (PAS)","species",NA,NA,NA,NA,FALSE,FALSE,0.1,NA
"Paraaminosalicylic acid (PAS)","species",NA,NA,NA,NA,FALSE,FALSE,0.2,NA
"Paraaminosalicylic acid (PAS)","species",NA,NA,NA,NA,FALSE,FALSE,0.5,NA
"Paraaminosalicylic acid (PAS)","genus",NA,NA,NA,NA,FALSE,FALSE,0.1,NA
"Paraaminosalicylic acid (PAS)","genus",NA,NA,NA,NA,FALSE,FALSE,0.2,NA
"Paraaminosalicylic acid (PAS)","genus",NA,NA,NA,NA,FALSE,FALSE,0.5,NA
"Pefloxacin","species",-0.792606638934021,0.281290360663071,0.198902321507267,0.140645180331535,TRUE,FALSE,0.1,0.315658375301208
"Pefloxacin","species",-0.792606638934021,0.281290360663071,0.198902321507267,0.140645180331535,TRUE,FALSE,0.2,0.357240312549058
"Pefloxacin","species",-0.792606638934021,0.281290360663071,0.198902321507267,0.140645180331535,TRUE,FALSE,0.5,0.452663326269498
"Pefloxacin","genus",NA,NA,NA,NA,TRUE,FALSE,0.1,NA
"Pefloxacin","genus",NA,NA,NA,NA,TRUE,FALSE,0.2,NA
"Pefloxacin","genus",NA,NA,NA,NA,TRUE,FALSE,0.5,NA
"Phenoxymethylpenicillin","species",-4.93197045195208,1.87483880548644,0.592876087100653,0.419226701592218,TRUE,TRUE,0.1,0.000652517200453237
"Phenoxymethylpenicillin","species",-4.93197045195208,1.87483880548644,0.592876087100653,0.419226701592218,TRUE,TRUE,0.2,0.00148866638985856
"Phenoxymethylpenicillin","species",-4.93197045195208,1.87483880548644,0.592876087100653,0.419226701592218,TRUE,TRUE,0.5,0.00721227782377204
"Phenoxymethylpenicillin","genus",-4.42211267706285,1.70822911693521,0.763943285322314,0.540189477493338,TRUE,TRUE,0.1,0.00134508727954319
"Phenoxymethylpenicillin","genus",-4.42211267706285,1.70822911693521,0.763943285322314,0.540189477493338,TRUE,TRUE,0.2,0.00285182946333345
"Phenoxymethylpenicillin","genus",-4.42211267706285,1.70822911693521,0.763943285322314,0.540189477493338,TRUE,TRUE,0.5,0.012008834676126
"Piperacillin","species",-3.15503446104032,1.69434589349526,0.286396728173861,0.202513068601378,TRUE,TRUE,0.1,0.00486141323899998
"Piperacillin","species",-3.15503446104032,1.69434589349526,0.286396728173861,0.202513068601378,TRUE,TRUE,0.2,0.0102443192963383
"Piperacillin","species",-3.15503446104032,1.69434589349526,0.286396728173861,0.202513068601378,TRUE,TRUE,0.5,0.0426369316543146
"Piperacillin","genus",-2.96021648939888,1.3564518696405,0.319718771791989,0.226075311606749,TRUE,TRUE,0.1,0.00910820606407366
"Piperacillin","genus",-2.96021648939888,1.3564518696405,0.319718771791989,0.226075311606749,TRUE,TRUE,0.2,0.016542289363539
"Piperacillin","genus",-2.96021648939888,1.3564518696405,0.319718771791989,0.226075311606749,TRUE,TRUE,0.5,0.0518077001407246
"Piperacillin-tazobactam","species",-3.33936601005736,1.743228416865,0.217903552108126,0.154081079340292,TRUE,TRUE,0.1,0.00379753496261104
"Piperacillin-tazobactam","species",-3.33936601005736,1.743228416865,0.217903552108126,0.154081079340292,TRUE,TRUE,0.2,0.0081763939689245
"Piperacillin-tazobactam","species",-3.33936601005736,1.743228416865,0.217903552108126,0.154081079340292,TRUE,TRUE,0.5,0.0354594315197201
"Piperacillin-tazobactam","genus",-3.27266455560218,1.69421599935158,0.338843199870317,0.23959832438725,TRUE,TRUE,0.1,0.00432263667297527
"Piperacillin-tazobactam","genus",-3.27266455560218,1.69421599935158,0.338843199870317,0.23959832438725,TRUE,TRUE,0.2,0.00910845009082109
"Piperacillin-tazobactam","genus",-3.27266455560218,1.69421599935158,0.338843199870317,0.23959832438725,TRUE,TRUE,0.5,0.0379052916373282
"Posaconazole","species",-5.66758376283951,0.804138297283796,0.201034574320949,0.142152910755294,TRUE,TRUE,0.1,0.00123321776476161
"Posaconazole","species",-5.66758376283951,0.804138297283796,0.201034574320949,0.142152910755294,TRUE,TRUE,0.2,0.00175662025005841
"Posaconazole","species",-5.66758376283951,0.804138297283796,0.201034574320949,0.142152910755294,TRUE,TRUE,0.5,0.00345620620908571
"Posaconazole","genus",-5.54616825414968,0.472156231466771,0.272599527336899,0.192756974328169,TRUE,TRUE,0.1,0.00213079354614444
"Posaconazole","genus",-5.54616825414968,0.472156231466771,0.272599527336899,0.192756974328169,TRUE,TRUE,0.2,0.00262271571887985
"Posaconazole","genus",-5.54616825414968,0.472156231466771,0.272599527336899,0.192756974328169,TRUE,TRUE,0.5,0.00390238156648324
"Pyrazinamide","species",NA,NA,NA,NA,FALSE,FALSE,0.1,NA
"Pyrazinamide","species",NA,NA,NA,NA,FALSE,FALSE,0.2,NA
"Pyrazinamide","species",NA,NA,NA,NA,FALSE,FALSE,0.5,NA
"Pyrazinamide","genus",NA,NA,NA,NA,FALSE,FALSE,0.1,NA
"Pyrazinamide","genus",NA,NA,NA,NA,FALSE,FALSE,0.2,NA
"Pyrazinamide","genus",NA,NA,NA,NA,FALSE,FALSE,0.5,NA
"Quinupristin-dalfopristin","species",-3.59216937320119,1.25255873124319,0.267046418778522,0.188830333609876,TRUE,TRUE,0.1,0.00553099265377018
"Quinupristin-dalfopristin","species",-3.59216937320119,1.25255873124319,0.267046418778522,0.188830333609876,TRUE,TRUE,0.2,0.00959657132726603
"Quinupristin-dalfopristin","species",-3.59216937320119,1.25255873124319,0.267046418778522,0.188830333609876,TRUE,TRUE,0.5,0.0275385242392529
"Quinupristin-dalfopristin","genus",-2.82511848192142,1.80042852260172,0.735021866454532,0.519738946090393,TRUE,TRUE,0.1,0.00590202082671083
"Quinupristin-dalfopristin","genus",-2.82511848192142,1.80042852260172,0.735021866454532,0.519738946090393,TRUE,TRUE,0.2,0.0130313490888252
"Quinupristin-dalfopristin","genus",-2.82511848192142,1.80042852260172,0.735021866454532,0.519738946090393,TRUE,TRUE,0.5,0.0593016302420905
"Retapamulin","species",-5.63241524340054,0.579935014262637,0.236757478152858,0.167412818298512,TRUE,TRUE,0.1,0.00170254367155386
"Retapamulin","species",-5.63241524340054,0.579935014262637,0.236757478152858,0.167412818298512,TRUE,TRUE,0.2,0.00219735510801848
"Retapamulin","species",-5.63241524340054,0.579935014262637,0.236757478152858,0.167412818298512,TRUE,TRUE,0.5,0.00357991850283261
"Retapamulin","genus",-5.80210913703224,0.509081680895104,0.359975108738774,0.254540840447552,TRUE,TRUE,0.1,0.00157338872489188
"Retapamulin","genus",-5.80210913703224,0.509081680895104,0.359975108738774,0.254540840447552,TRUE,TRUE,0.2,0.00196834323152465
"Retapamulin","genus",-5.80210913703224,0.509081680895104,0.359975108738774,0.254540840447552,TRUE,TRUE,0.5,0.00302117594679002
"Rifampicin","species",-6.27088936912312,2.05256700114428,0.387898702451813,0.27428580291714,TRUE,TRUE,0.1,0.000136203587749217
"Rifampicin","species",-6.27088936912312,2.05256700114428,0.387898702451813,0.27428580291714,TRUE,TRUE,0.2,0.000336008755395044
"Rifampicin","species",-6.27088936912312,2.05256700114428,0.387898702451813,0.27428580291714,TRUE,TRUE,0.5,0.0018905464416674
"Rifampicin","genus",-5.569988899643,2.07258234396113,0.553920931212814,0.391681246701748,TRUE,TRUE,0.1,0.000267575163174604
"Rifampicin","genus",-5.569988899643,2.07258234396113,0.553920931212814,0.391681246701748,TRUE,TRUE,0.2,0.00066593518721795
"Rifampicin","genus",-5.569988899643,2.07258234396113,0.553920931212814,0.391681246701748,TRUE,TRUE,0.5,0.00381052273051994
"Roxithromycin","species",-3.77774421793448,1.96446644367369,0.439268050757162,0.310609417448986,TRUE,TRUE,0.1,0.00184493863116447
"Roxithromycin","species",-3.77774421793448,1.96446644367369,0.439268050757162,0.310609417448986,TRUE,TRUE,0.2,0.00437836071963574
"Roxithromycin","species",-3.77774421793448,1.96446644367369,0.439268050757162,0.310609417448986,TRUE,TRUE,0.5,0.0228742325540179
"Roxithromycin","genus",-3.4405903703744,2.02766029424939,0.675886764749797,0.477924114668819,TRUE,TRUE,0.1,0.00238360413371211
"Roxithromycin","genus",-3.4405903703744,2.02766029424939,0.675886764749797,0.477924114668819,TRUE,TRUE,0.2,0.00581617570554673
"Roxithromycin","genus",-3.4405903703744,2.02766029424939,0.675886764749797,0.477924114668819,TRUE,TRUE,0.5,0.0320457608743468
"Secnidazole","species",-3.18019103525581,0.000180261591649522,0.000127464193842857,9.0130795824761e-05,TRUE,FALSE,0.1,0.0415681076077677
"Secnidazole","species",-3.18019103525581,0.000180261591649522,0.000127464193842857,9.0130795824761e-05,TRUE,FALSE,0.2,0.0415714041950733
"Secnidazole","species",-3.18019103525581,0.000180261591649522,0.000127464193842857,9.0130795824761e-05,TRUE,FALSE,0.5,0.0415777115536841
"Secnidazole","genus",NA,NA,NA,NA,TRUE,FALSE,0.1,NA
"Secnidazole","genus",NA,NA,NA,NA,TRUE,FALSE,0.2,NA
"Secnidazole","genus",NA,NA,NA,NA,TRUE,FALSE,0.5,NA
"Sparfloxacin","species",-5.44667743424537,1.76341637895461,0.32195430967584,0.22765607560402,TRUE,TRUE,0.1,0.000449854457450557
"Sparfloxacin","species",-5.44667743424537,1.76341637895461,0.32195430967584,0.22765607560402,TRUE,TRUE,0.2,0.000977212817212084
"Sparfloxacin","species",-5.44667743424537,1.76341637895461,0.32195430967584,0.22765607560402,TRUE,TRUE,0.5,0.00431060318628115
"Sparfloxacin","genus",-5.72876533692433,1.81862263320595,0.417220646030557,0.295019548059239,TRUE,TRUE,0.1,0.000316108825350212
"Sparfloxacin","genus",-5.72876533692433,1.81862263320595,0.417220646030557,0.295019548059239,TRUE,TRUE,0.2,0.000703560447684797
"Sparfloxacin","genus",-5.72876533692433,1.81862263320595,0.417220646030557,0.295019548059239,TRUE,TRUE,0.5,0.00325108875590439
"Spectinomycin","species",-0.437943411342733,1.24704675257622,0.394350808685731,0.278848130988079,TRUE,TRUE,0.1,0.130537057186532
"Spectinomycin","species",-0.437943411342733,1.24704675257622,0.394350808685731,0.278848130988079,TRUE,TRUE,0.2,0.225940308208201
"Spectinomycin","species",-0.437943411342733,1.24704675257622,0.394350808685731,0.278848130988079,TRUE,TRUE,0.5,0.645362302010121
"Spectinomycin","genus",-0.311405615764849,0.489567772633165,0.199865206243691,0.141326042658162,TRUE,TRUE,0.1,0.391092192156601
"Spectinomycin","genus",-0.311405615764849,0.489567772633165,0.199865206243691,0.141326042658162,TRUE,TRUE,0.2,0.485082524706147
"Spectinomycin","genus",-0.311405615764849,0.489567772633165,0.199865206243691,0.141326042658162,TRUE,TRUE,0.5,0.732416735836571
"Spiramycin","species",-4.5286860421684,0.601348266591276,0.425217437161467,0.300674133295638,TRUE,FALSE,0.1,0.0049948651978861
"Spiramycin","species",-4.5286860421684,0.601348266591276,0.425217437161467,0.300674133295638,TRUE,FALSE,0.2,0.00650754170664697
"Spiramycin","species",-4.5286860421684,0.601348266591276,0.425217437161467,0.300674133295638,TRUE,FALSE,0.5,0.010794850736915
"Spiramycin","genus",NA,NA,NA,NA,TRUE,FALSE,0.1,NA
"Spiramycin","genus",NA,NA,NA,NA,TRUE,FALSE,0.2,NA
"Spiramycin","genus",NA,NA,NA,NA,TRUE,FALSE,0.5,NA
"Streptomycin","species",-1.12649632561686,1.46281478065772,0.231291325091901,0.163547664402105,TRUE,TRUE,0.1,0.0497289063690088
"Streptomycin","species",-1.12649632561686,1.46281478065772,0.231291325091901,0.163547664402105,TRUE,TRUE,0.2,0.0946440462786162
"Streptomycin","species",-1.12649632561686,1.46281478065772,0.231291325091901,0.163547664402105,TRUE,TRUE,0.5,0.324167044820525
"Streptomycin","genus",-1.45585347112313,1.12515305162822,0.281288262907054,0.198900838169762,TRUE,TRUE,0.1,0.0551446731736195
"Streptomycin","genus",-1.45585347112313,1.12515305162822,0.281288262907054,0.198900838169762,TRUE,TRUE,0.2,0.0904637401043722
"Streptomycin","genus",-1.45585347112313,1.12515305162822,0.281288262907054,0.198900838169762,TRUE,TRUE,0.5,0.233201248412181
"Sulbactam","species",1.36600177255289,1.49504768406977,0.399568300762781,0.282537455016548,TRUE,TRUE,0.1,0.576961968265833
"Sulbactam","species",1.36600177255289,1.49504768406977,0.399568300762781,0.282537455016548,TRUE,TRUE,0.2,1.1137557877649
"Sulbactam","species",1.36600177255289,1.49504768406977,0.399568300762781,0.282537455016548,TRUE,TRUE,0.5,3.91964768133567
"Sulbactam","genus",1.38710367647149,1.636281964011,0.493357575077302,0.348856486886911,TRUE,TRUE,0.1,0.491705147331867
"Sulbactam","genus",1.38710367647149,1.636281964011,0.493357575077302,0.348856486886911,TRUE,TRUE,0.2,1.01002393788389
"Sulbactam","genus",1.38710367647149,1.636281964011,0.493357575077302,0.348856486886911,TRUE,TRUE,0.5,4.00323857174256
"Sulfamethoxazole","species",-0.477006284076013,0.635885645229658,0.191726735890893,0.135571275083213,TRUE,TRUE,0.1,0.274740976663329
"Sulfamethoxazole","species",-0.477006284076013,0.635885645229658,0.191726735890893,0.135571275083213,TRUE,TRUE,0.2,0.363425430820329
"Sulfamethoxazole","species",-0.477006284076013,0.635885645229658,0.191726735890893,0.135571275083213,TRUE,TRUE,0.5,0.620638629140861
"Sulfamethoxazole","genus",-0.46642925499004,0.75100531825111,0.283853329339908,0.200714614038627,TRUE,TRUE,0.1,0.239576787817198
"Sulfamethoxazole","genus",-0.46642925499004,0.75100531825111,0.283853329339908,0.200714614038627,TRUE,TRUE,0.2,0.333373672877972
"Sulfamethoxazole","genus",-0.46642925499004,0.75100531825111,0.283853329339908,0.200714614038627,TRUE,TRUE,0.5,0.627237981218304
"Tedizolid","species",-4.67694562172245,0.532025301472102,0.153582475510305,0.108599209904754,TRUE,TRUE,0.1,0.00470672246853989
"Tedizolid","species",-4.67694562172245,0.532025301472102,0.153582475510305,0.108599209904754,TRUE,TRUE,0.2,0.00594794550553507
"Tedizolid","species",-4.67694562172245,0.532025301472102,0.153582475510305,0.108599209904754,TRUE,TRUE,0.5,0.00930739883263161
"Tedizolid","genus",-4.66552351507859,0.480129376949648,0.240064688474824,0.169751369143984,TRUE,TRUE,0.1,0.00508818512094652
"Tedizolid","genus",-4.66552351507859,0.480129376949648,0.240064688474824,0.169751369143984,TRUE,TRUE,0.2,0.00628486703191401
"Tedizolid","genus",-4.66552351507859,0.480129376949648,0.240064688474824,0.169751369143984,TRUE,TRUE,0.5,0.00941431839556836
"Teicoplanin","species",-4.41699760423233,0.812496220455866,0.150876760425129,0.106685980420067,TRUE,TRUE,0.1,0.00426099146483244
"Teicoplanin","species",-4.41699760423233,0.812496220455866,0.150876760425129,0.106685980420067,TRUE,TRUE,0.2,0.00609179999307552
"Teicoplanin","species",-4.41699760423233,0.812496220455866,0.150876760425129,0.106685980420067,TRUE,TRUE,0.5,0.0120704181077007
"Teicoplanin","genus",-4.44642920634696,0.8985267852683,0.44926339263415,0.317677191470482,TRUE,TRUE,0.1,0.00370549800600264
"Teicoplanin","genus",-4.44642920634696,0.8985267852683,0.44926339263415,0.317677191470482,TRUE,TRUE,0.2,0.00550197352838453
"Teicoplanin","genus",-4.44642920634696,0.8985267852683,0.44926339263415,0.317677191470482,TRUE,TRUE,0.5,0.0117203432660864
"Telavancin","species",-6.00148957072202,1.22727540684045,0.274427123680895,0.19404928009628,TRUE,TRUE,0.1,0.000513476502204004
"Telavancin","species",-6.00148957072202,1.22727540684045,0.274427123680895,0.19404928009628,TRUE,TRUE,0.2,0.000881054905161517
"Telavancin","species",-6.00148957072202,1.22727540684045,0.274427123680895,0.19404928009628,TRUE,TRUE,0.5,0.00247506264858555
"Telavancin","genus",-5.48121001680413,1.1110114955625,0.641442786035779,0.453568543749091,TRUE,TRUE,0.1,0.00100273046164051
"Telavancin","genus",-5.48121001680413,1.1110114955625,0.641442786035779,0.453568543749091,TRUE,TRUE,0.2,0.00163475737161076
"Telavancin","genus",-5.48121001680413,1.1110114955625,0.641442786035779,0.453568543749091,TRUE,TRUE,0.5,0.00416428778991958
"Telavancin (w P80)","species",-6.14841899415244,0.395827650218661,0.093297471883584,0.0659712750364435,TRUE,TRUE,0.1,0.00128667676086038
"Telavancin (w P80)","species",-6.14841899415244,0.395827650218661,0.093297471883584,0.0659712750364435,TRUE,TRUE,0.2,0.00153142600319907
"Telavancin (w P80)","species",-6.14841899415244,0.395827650218661,0.093297471883584,0.0659712750364435,TRUE,TRUE,0.5,0.0021368574850012
"Telavancin (w P80)","genus",-6.05376841048352,0.254805003095093,0.147111737127815,0.104023706915211,TRUE,TRUE,0.1,0.00169459049855912
"Telavancin (w P80)","genus",-6.05376841048352,0.254805003095093,0.147111737127815,0.104023706915211,TRUE,TRUE,0.2,0.00189560408760399
"Telavancin (w P80)","genus",-6.05376841048352,0.254805003095093,0.147111737127815,0.104023706915211,TRUE,TRUE,0.5,0.00234899333547796
"Telithromycin","species",-5.93998299219302,1.62922460675109,0.384011922503228,0.271537434458515,TRUE,TRUE,0.1,0.000326226596228471
"Telithromycin","species",-5.93998299219302,1.62922460675109,0.384011922503228,0.271537434458515,TRUE,TRUE,0.2,0.000668032979261584
"Telithromycin","species",-5.93998299219302,1.62922460675109,0.384011922503228,0.271537434458515,TRUE,TRUE,0.5,0.00263207441644614
"Telithromycin","genus",-5.67043080784431,1.80792809421351,0.571717062352216,0.404265011709304,TRUE,TRUE,0.1,0.000339721671996147
"Telithromycin","genus",-5.67043080784431,1.80792809421351,0.571717062352216,0.404265011709304,TRUE,TRUE,0.2,0.000752566283596069
"Telithromycin","genus",-5.67043080784431,1.80792809421351,0.571717062352216,0.404265011709304,TRUE,TRUE,0.5,0.00344638022860408
"Temocillin","species",-2.0362936897618,1.00682885786232,0.251707214465581,0.177983878222189,TRUE,TRUE,0.1,0.0359151240744945
"Temocillin","species",-2.0362936897618,1.00682885786232,0.251707214465581,0.177983878222189,TRUE,TRUE,0.2,0.0559295601142903
"Temocillin","species",-2.0362936897618,1.00682885786232,0.251707214465581,0.177983878222189,TRUE,TRUE,0.5,0.130511531810198
"Temocillin","genus",-2.1412257016615,1.03494156220345,0.312046621979373,0.22065028244797,TRUE,TRUE,0.1,0.0311931524518803
"Temocillin","genus",-2.1412257016615,1.03494156220345,0.312046621979373,0.22065028244797,TRUE,TRUE,0.2,0.0491806760464535
"Temocillin","genus",-2.1412257016615,1.03494156220345,0.312046621979373,0.22065028244797,TRUE,TRUE,0.5,0.117510721628164
"Tetracycline","species",-3.03291512779497,1.23504813840214,0.130185504576722,0.0920550530983921,TRUE,TRUE,0.1,0.00989532354052534
"Tetracycline","species",-3.03291512779497,1.23504813840214,0.130185504576722,0.0920550530983921,TRUE,TRUE,0.2,0.0170371697551254
"Tetracycline","species",-3.03291512779497,1.23504813840214,0.130185504576722,0.0920550530983921,TRUE,TRUE,0.5,0.0481749969595186
"Tetracycline","genus",-3.07874400508794,1.17051217332418,0.197852668699292,0.139902963713124,TRUE,TRUE,0.1,0.0102670482279571
"Tetracycline","genus",-3.07874400508794,1.17051217332418,0.197852668699292,0.139902963713124,TRUE,TRUE,0.2,0.0171823616926924
"Tetracycline","genus",-3.07874400508794,1.17051217332418,0.197852668699292,0.139902963713124,TRUE,TRUE,0.5,0.0460170175076365
"Thiamphenicol","species",NA,NA,NA,NA,FALSE,FALSE,0.1,NA
"Thiamphenicol","species",NA,NA,NA,NA,FALSE,FALSE,0.2,NA
"Thiamphenicol","species",NA,NA,NA,NA,FALSE,FALSE,0.5,NA
"Thiamphenicol","genus",NA,NA,NA,NA,FALSE,FALSE,0.1,NA
"Thiamphenicol","genus",NA,NA,NA,NA,FALSE,FALSE,0.2,NA
"Thiamphenicol","genus",NA,NA,NA,NA,FALSE,FALSE,0.5,NA
"Tiamulin","species",NA,NA,NA,NA,FALSE,FALSE,0.1,NA
"Tiamulin","species",NA,NA,NA,NA,FALSE,FALSE,0.2,NA
"Tiamulin","species",NA,NA,NA,NA,FALSE,FALSE,0.5,NA
"Tiamulin","genus",NA,NA,NA,NA,FALSE,FALSE,0.1,NA
"Tiamulin","genus",NA,NA,NA,NA,FALSE,FALSE,0.2,NA
"Tiamulin","genus",NA,NA,NA,NA,FALSE,FALSE,0.5,NA
"Ticarcillin","species",-0.507250557644288,1.20711904103187,0.251701719537899,0.177979992721563,TRUE,TRUE,0.1,0.128190754551726
"Ticarcillin","species",-0.507250557644288,1.20711904103187,0.251701719537899,0.177979992721563,TRUE,TRUE,0.2,0.218015836567418
"Ticarcillin","species",-0.507250557644288,1.20711904103187,0.251701719537899,0.177979992721563,TRUE,TRUE,0.5,0.602148878575768
"Ticarcillin","genus",-0.507993882739082,0.811404245403017,0.244647585027569,0.172991966373907,TRUE,TRUE,0.1,0.212704741784822
"Ticarcillin","genus",-0.507993882739082,0.811404245403017,0.244647585027569,0.172991966373907,TRUE,TRUE,0.2,0.303950954436698
"Ticarcillin","genus",-0.507993882739082,0.811404245403017,0.244647585027569,0.172991966373907,TRUE,TRUE,0.5,0.601701452515631
"Ticarcillin-clavulanic acid","species",-2.22351666130918,1.44681287873484,0.289362575746968,0.204610239532287,TRUE,TRUE,0.1,0.0169467031058875
"Ticarcillin-clavulanic acid","species",-2.22351666130918,1.44681287873484,0.289362575746968,0.204610239532287,TRUE,TRUE,0.2,0.0320267079432806
"Ticarcillin-clavulanic acid","species",-2.22351666130918,1.44681287873484,0.289362575746968,0.204610239532287,TRUE,TRUE,0.5,0.108227838166942
"Ticarcillin-clavulanic acid","genus",-2.31703374215146,1.53985749723869,0.427079627938597,0.301990901022009,TRUE,TRUE,0.1,0.0136988892174512
"Ticarcillin-clavulanic acid","genus",-2.31703374215146,1.53985749723869,0.427079627938597,0.301990901022009,TRUE,TRUE,0.2,0.026970529516014
"Ticarcillin-clavulanic acid","genus",-2.31703374215146,1.53985749723869,0.427079627938597,0.301990901022009,TRUE,TRUE,0.5,0.0985655231659505
"Tigecycline","species",-4.6101904226481,1.34265741499721,0.214997253056214,0.152026015572529,TRUE,TRUE,0.1,0.00178047493148181
"Tigecycline","species",-4.6101904226481,1.34265741499721,0.214997253056214,0.152026015572529,TRUE,TRUE,0.2,0.0032141272741654
"Tigecycline","species",-4.6101904226481,1.34265741499721,0.214997253056214,0.152026015572529,TRUE,TRUE,0.5,0.00994992343667179
"Tigecycline","genus",-4.37579997669634,1.2534408508586,0.2802778948295,0.19818640005063,TRUE,TRUE,0.1,0.00252339752464398
"Tigecycline","genus",-4.37579997669634,1.2534408508586,0.2802778948295,0.19818640005063,TRUE,TRUE,0.2,0.00437993054595838
"Tigecycline","genus",-4.37579997669634,1.2534408508586,0.2802778948295,0.19818640005063,TRUE,TRUE,0.5,0.0125780760488868
"Tilmicosin","species",-2.83065791866307,0.0684543870068397,0.0484045612545047,0.0342271935034199,TRUE,TRUE,0.1,0.0540208203062801
"Tilmicosin","species",-2.83065791866307,0.0684543870068397,0.0484045612545047,0.0342271935034199,TRUE,TRUE,0.2,0.0556724101449479
"Tilmicosin","species",-2.83065791866307,0.0684543870068397,0.0484045612545047,0.0342271935034199,TRUE,TRUE,0.5,0.0589740407809195
"Tilmicosin","genus",-2.83065791866307,0.0684543870068397,0.0484045612545047,0.0342271935034199,TRUE,TRUE,0.1,0.0540208203062801
"Tilmicosin","genus",-2.83065791866307,0.0684543870068397,0.0484045612545047,0.0342271935034199,TRUE,TRUE,0.2,0.0556724101449479
"Tilmicosin","genus",-2.83065791866307,0.0684543870068397,0.0484045612545047,0.0342271935034199,TRUE,TRUE,0.5,0.0589740407809195
"Tobramycin","species",-2.88945042314046,1.02753882444675,0.187602064287275,0.132654691822127,TRUE,TRUE,0.1,0.0149014849150512
"Tobramycin","species",-2.88945042314046,1.02753882444675,0.187602064287275,0.132654691822127,TRUE,TRUE,0.2,0.0234180329126218
"Tobramycin","species",-2.88945042314046,1.02753882444675,0.187602064287275,0.132654691822127,TRUE,TRUE,0.5,0.0556067644063857
"Tobramycin","genus",-2.73280599451312,0.960921314969239,0.233057651736799,0.164796645950504,TRUE,TRUE,0.1,0.0189817704557958
"Tobramycin","genus",-2.73280599451312,0.960921314969239,0.233057651736799,0.164796645950504,TRUE,TRUE,0.2,0.0289687453427514
"Tobramycin","genus",-2.73280599451312,0.960921314969239,0.233057651736799,0.164796645950504,TRUE,TRUE,0.5,0.0650365412146552
"Trimethoprim","species",-3.19876954439993,1.41383103702863,0.262541832546243,0.185645110138592,TRUE,TRUE,0.1,0.0066664558085129
"Trimethoprim","species",-3.19876954439993,1.41383103702863,0.262541832546243,0.185645110138592,TRUE,TRUE,0.2,0.0124171118987805
"Trimethoprim","species",-3.19876954439993,1.41383103702863,0.262541832546243,0.185645110138592,TRUE,TRUE,0.5,0.0408123909305987
"Trimethoprim","genus",-3.25668219684024,1.32147273759263,0.341202793677559,0.241266809169196,TRUE,TRUE,0.1,0.00708186737496954
"Trimethoprim","genus",-3.25668219684024,1.32147273759263,0.341202793677559,0.241266809169196,TRUE,TRUE,0.2,0.0126656495176552
"Trimethoprim","genus",-3.25668219684024,1.32147273759263,0.341202793677559,0.241266809169196,TRUE,TRUE,0.5,0.0385159746859012
"Trimethoprim-sulfamethoxazole","species",-4.3535628282647,1.6521669762042,0.261230535985925,0.184717883448644,TRUE,TRUE,0.1,0.00154783205212416
"Trimethoprim-sulfamethoxazole","species",-4.3535628282647,1.6521669762042,0.261230535985925,0.184717883448644,TRUE,TRUE,0.2,0.00320173753500951
"Trimethoprim-sulfamethoxazole","species",-4.3535628282647,1.6521669762042,0.261230535985925,0.184717883448644,TRUE,TRUE,0.5,0.0128609096445064
"Trimethoprim-sulfamethoxazole","genus",-4.56081904678868,1.25246329284901,0.267026071244515,0.188815945730599,TRUE,TRUE,0.1,0.00209979545678727
"Trimethoprim-sulfamethoxazole","genus",-4.56081904678868,1.25246329284901,0.267026071244515,0.188815945730599,TRUE,TRUE,0.2,0.00364310569456129
"Trimethoprim-sulfamethoxazole","genus",-4.56081904678868,1.25246329284901,0.267026071244515,0.188815945730599,TRUE,TRUE,0.5,0.0104534935358599
"Tylosin","species",NA,NA,NA,NA,FALSE,FALSE,0.1,NA
"Tylosin","species",NA,NA,NA,NA,FALSE,FALSE,0.2,NA
"Tylosin","species",NA,NA,NA,NA,FALSE,FALSE,0.5,NA
"Tylosin","genus",NA,NA,NA,NA,FALSE,FALSE,0.1,NA
"Tylosin","genus",NA,NA,NA,NA,FALSE,FALSE,0.2,NA
"Tylosin","genus",NA,NA,NA,NA,FALSE,FALSE,0.5,NA
"Vancomycin","species",-3.60042023073624,0.768874766667853,0.100098968553123,0.0707806594536921,TRUE,TRUE,0.1,0.0101958664414428
"Vancomycin","species",-3.60042023073624,0.768874766667853,0.100098968553123,0.0707806594536921,TRUE,TRUE,0.2,0.0142996307986997
"Vancomycin","species",-3.60042023073624,0.768874766667853,0.100098968553123,0.0707806594536921,TRUE,TRUE,0.5,0.0273122425915549
"Vancomycin","genus",-3.28259316272579,0.65658394563735,0.20763007433142,0.146816633538014,TRUE,TRUE,0.1,0.0161790295718439
"Vancomycin","genus",-3.28259316272579,0.65658394563735,0.20763007433142,0.146816633538014,TRUE,TRUE,0.2,0.0215972744959342
"Vancomycin","genus",-3.28259316272579,0.65658394563735,0.20763007433142,0.146816633538014,TRUE,TRUE,0.5,0.0375308070203733
"Virginiamycin","species",-2.66936311038633,0.817267819887654,0.36549328021837,0.258442776920524,TRUE,TRUE,0.1,0.0243132462391696
"Virginiamycin","species",-2.66936311038633,0.817267819887654,0.36549328021837,0.258442776920524,TRUE,TRUE,0.2,0.0348328956596302
"Virginiamycin","species",-2.66936311038633,0.817267819887654,0.36549328021837,0.258442776920524,TRUE,TRUE,0.5,0.0692963453806852
"Virginiamycin","genus",-2.83199341283781,0.396484504754175,0.228910435549338,0.161864121261303,TRUE,TRUE,0.1,0.0354331041400296
"Virginiamycin","genus",-2.83199341283781,0.396484504754175,0.228910435549338,0.161864121261303,TRUE,TRUE,0.2,0.0421853113493545
"Virginiamycin","genus",-2.83199341283781,0.396484504754175,0.228910435549338,0.161864121261303,TRUE,TRUE,0.5,0.0588953338610103
"Voriconazole","species",-5.25634259859936,1.39218921589571,0.311302972428494,0.220124442807717,TRUE,TRUE,0.1,0.00087568434583886
"Voriconazole","species",-5.25634259859936,1.39218921589571,0.311302972428494,0.220124442807717,TRUE,TRUE,0.2,0.00161561659298643
"Voriconazole","species",-5.25634259859936,1.39218921589571,0.311302972428494,0.220124442807717,TRUE,TRUE,0.5,0.00521434082357867
"Voriconazole","genus",-5.16999510077051,0.845642435031987,0.422821217515993,0.298979750135111,TRUE,TRUE,0.1,0.00192326794082998
"Voriconazole","genus",-5.16999510077051,0.845642435031987,0.422821217515993,0.298979750135111,TRUE,TRUE,0.2,0.00279002218908414
"Voriconazole","genus",-5.16999510077051,0.845642435031987,0.422821217515993,0.298979750135111,TRUE,TRUE,0.5,0.005684596669295
